grade,subject,topic,original_text,simplified_text,readability_original,readability_simplified,word_count_original,word_count_simplified,complexity_reduction,word_reduction
10,Mathematics,Linear Equations,"To solve linear equations of the form ax + b = c, where a, b, and c are constants and a ≠ 0, we must systematically isolate the variable x by performing inverse operations on both sides of the equation while maintaining equality. The fundamental principle underlying this process is that whatever operation is performed on one side of the equation must simultaneously be applied to the other side to preserve the equality relationship.","To solve equations like ax + b = c, we need to get x by itself. We do this by doing opposite operations to both sides. If we add something to one side, we must add the same thing to the other side. This keeps the equation balanced.",15.2,8.4,76,42,"Replaced complex terms with simpler words and broke down long sentences.",34
10,Mathematics,Multi-step Equations,"When confronting multi-step linear equations, one must systematically apply the distributive property to eliminate parentheses, combine like terms on each side of the equation, and subsequently isolate the variable through a sequence of inverse operations while maintaining the fundamental principle of equality.","To solve hard equations, first remove parentheses by multiplying. Then combine similar terms. Finally, get the variable alone by doing opposite operations to both sides.",16.8,8.2,43,25,"Used simpler vocabulary and step-by-step structure.",18
10,Mathematics,Quadratic Functions,"Quadratic functions exhibit distinctive parabolic characteristics when graphed on a coordinate plane, with their general form represented by f(x) = ax² + bx + c. The vertex of the parabola, which constitutes either the maximum or minimum point depending on the coefficient of x², can be determined using the formula x = -b/(2a), and this point represents the axis of symmetry for the function.","Quadratic functions make U-shaped or upside-down U-shaped graphs called parabolas. The general form is f(x) = ax² + bx + c. The highest or lowest point is called the vertex. You can find it using x = -b/(2a). This point is also the middle line of the parabola.",14.6,9.1,67,52,"Simplified mathematical terminology and explained concepts in everyday language.",15
10,Mathematics,Factoring Polynomials,"The process of factoring polynomials involves decomposing a polynomial expression into a product of simpler polynomial factors. Various methods exist for this decomposition, including factoring out the greatest common factor, grouping terms strategically, and recognizing special patterns such as difference of squares or perfect square trinomials.","Factoring means breaking down a polynomial into smaller parts that multiply together. There are different ways to do this: • Take out common factors • Group terms together • Look for special patterns like difference of squares",13.2,8.7,54,41,"Used bullet points and simpler explanations of methods.",13
10,Science,Atomic Structure,"The atomic model comprises three fundamental subatomic particles: protons, neutrons, and electrons. Protons, which carry a positive electrical charge, and neutrons, which are electrically neutral, are located within the dense central nucleus. Electrons, possessing a negative charge, orbit the nucleus in specific energy levels or electron shells, creating the overall neutral charge of the atom when their number equals the number of protons.","Atoms have three main parts: protons, neutrons, and electrons. Protons have a positive charge (+). Neutrons have no charge. Both are in the center called the nucleus. Electrons have a negative charge (-) and move around the nucleus in layers called shells. When protons and electrons are equal, the atom has no charge.",16.3,8.9,74,58,"Broke complex sentences into simple statements with clear charge notation.",16
10,Science,Chemical Bonding,"Chemical bonding occurs when atoms combine to form molecules or compounds through the sharing or transfer of electrons. Covalent bonds form when atoms share electrons, typically between nonmetal atoms, while ionic bonds result from the complete transfer of electrons from metal atoms to nonmetal atoms, creating charged ions that attract each other through electrostatic forces.","Chemical bonding happens when atoms join together to make molecules. There are two main types: • Covalent bonds: atoms share electrons (usually between nonmetals) • Ionic bonds: one atom gives electrons to another atom (between metals and nonmetals)",15.7,9.3,57,40,"Used bullet points and simplified technical language.",17
10,Science,Photosynthesis,"Photosynthesis is the complex biochemical process by which green plants and certain bacteria convert light energy, typically from the sun, into chemical energy stored in glucose molecules. This process occurs primarily in the chloroplasts of plant cells and requires carbon dioxide from the atmosphere, water from the soil, and chlorophyll to capture light energy. The overall equation for photosynthesis is 6CO₂ + 6H₂O + light energy → C₆H₁₂O₆ + 6O₂.","Photosynthesis is how plants make food using sunlight. Plants take in carbon dioxide from air and water from soil. They use chlorophyll (the green stuff) to catch sunlight. The equation is: 6CO₂ + 6H₂O + light → C₆H₁₂O₆ + 6O₂. This means plants make sugar and release oxygen.",16.2,9.1,78,56,"Simplified scientific terms and explained the process in everyday language.",22
10,English,Literary Devices,"Metaphors and similes are fundamental figurative language devices that authors employ to create vivid imagery and enhance the emotional impact of their writing. While both devices establish comparisons between disparate objects or concepts, metaphors assert direct equivalence without using comparative words, whereas similes explicitly utilize 'like' or 'as' to draw parallels between different elements.","Metaphors and similes help writers create pictures in readers' minds. Both compare two different things: • Metaphors say one thing IS another thing (without using 'like' or 'as') • Similes use 'like' or 'as' to compare things Writers use these to make their writing more interesting and emotional.",14.8,8.6,62,49,"Used bullet points and explained differences clearly with examples.",13
10,English,Character Analysis,"Character development in literature involves the gradual revelation and evolution of a character's personality, motivations, and psychological complexity throughout the narrative. Authors utilize various techniques including direct characterization, where traits are explicitly stated, and indirect characterization, which reveals character through actions, dialogue, thoughts, and interactions with other characters.","Character development shows how characters change and grow in a story. Writers show us characters in two ways: • Direct characterization: the author tells us about the character • Indirect characterization: we learn about characters through their actions, words, thoughts, and how they treat others",15.4,9.0,58,47,"Simplified literary terms and used clear examples.",11
10,English,Narrative Structure,"The traditional narrative structure, often referred to as the dramatic arc or plot pyramid, consists of five essential components: exposition, rising action, climax, falling action, and resolution. This structural framework provides writers with a systematic approach to organizing events and developing tension, ensuring that stories maintain coherence and engage readers effectively throughout the narrative progression.","Stories usually follow a pattern called the plot pyramid. It has five parts: 1. Exposition: introduces characters and setting 2. Rising action: events that build tension 3. Climax: the most exciting or important moment 4. Falling action: events after the climax 5. Resolution: how the story ends",16.1,8.8,63,50,"Used numbered list and explained each component simply.",13
11,Mathematics,Polynomial Functions,"Polynomial functions represent a significant class of algebraic functions characterized by expressions containing variables raised to non-negative integer powers, combined using addition, subtraction, and multiplication operations. The degree of a polynomial is determined by the highest power of the variable, and this degree dictates the fundamental characteristics of the function's graph, including the maximum number of turning points and the end behavior as x approaches positive or negative infinity.","Polynomial functions are made up of terms with variables raised to whole number powers. You can add, subtract, and multiply these terms. The degree is the highest power in the function. The degree tells us important things about the graph: • How many turning points it can have • What happens at the far left and right of the graph",17.2,9.4,82,64,"Simplified mathematical language and used bullet points for key concepts.",18
11,Mathematics,Logarithmic Functions,"Logarithmic functions serve as the inverse operations of exponential functions, with the logarithm base b of a number x representing the exponent to which the base must be raised to produce x. The fundamental properties of logarithms include the product rule log_b(xy) = log_b(x) + log_b(y), the quotient rule log_b(x/y) = log_b(x) - log_b(y), and the power rule log_b(x^n) = n·log_b(x).","Logarithms are the opposite of exponential functions. If b^y = x, then log_b(x) = y. This means the logarithm asks: 'What power do we raise the base to get this number?' Key rules: • Product: log_b(xy) = log_b(x) + log_b(y) • Quotient: log_b(x/y) = log_b(x) - log_b(y) • Power: log_b(x^n) = n·log_b(x)",16.8,9.2,75,63,"Explained the concept with a question and organized rules clearly.",12
11,Mathematics,Trigonometric Identities,"Trigonometric identities are fundamental equations involving trigonometric functions that remain true for all values within their domains. The most essential identity is the Pythagorean identity sin²θ + cos²θ = 1, which derives from the unit circle definition of trigonometric functions. Additional crucial identities include the reciprocal identities such as sec θ = 1/cos θ and the co-function identities like sin θ = cos(90° - θ).","Trigonometric identities are equations with trig functions that are always true. The most important one is sin²θ + cos²θ = 1. This comes from the unit circle. Other key identities: • Reciprocal: sec θ = 1/cos θ, csc θ = 1/sin θ, cot θ = 1/tan θ • Co-function: sin θ = cos(90° - θ), cos θ = sin(90° - θ)",15.9,9.1,73,58,"Organized identities by type and used mathematical notation clearly.",15
11,Science,Chemical Equilibrium,"Chemical equilibrium represents a dynamic state in which the rates of forward and reverse reactions are equal, resulting in constant concentrations of reactants and products over time. Le Chatelier's principle states that when a system at equilibrium is subjected to a stress, such as changes in concentration, temperature, or pressure, the equilibrium will shift in the direction that counteracts the applied stress, thereby establishing a new equilibrium position.","Chemical equilibrium happens when forward and reverse reactions occur at the same rate. The amounts of reactants and products stay constant. Le Chatelier's principle explains what happens when we change conditions: • If we add more reactant, the reaction shifts to make more product • If we change temperature or pressure, the equilibrium shifts to reduce the stress",16.7,9.3,78,60,"Simplified scientific terminology and explained the principle with examples.",18
11,Science,Cellular Respiration,"Cellular respiration is the metabolic process by which organisms break down glucose and other organic molecules to release energy in the form of ATP (adenosine triphosphate). This process occurs in three distinct stages: glycolysis in the cytoplasm, the Krebs cycle in the mitochondrial matrix, and the electron transport chain in the inner mitochondrial membrane. The overall equation for cellular respiration is C₆H₁₂O₆ + 6O₂ → 6CO₂ + 6H₂O + ATP.","Cellular respiration is how cells break down sugar to make energy (ATP). It happens in three steps: 1. Glycolysis: breaks down glucose in the cytoplasm 2. Krebs cycle: happens in the mitochondria 3. Electron transport: makes most of the ATP The equation: C₆H₁₂O₆ + 6O₂ → 6CO₂ + 6H₂O + ATP (sugar + oxygen → carbon dioxide + water + energy)",17.1,9.0,81,67,"Used numbered steps and explained the equation in simple terms.",14
11,Science,Genetics and Heredity,"Genetics involves the study of heredity and variation in living organisms, focusing on how traits are transmitted from parents to offspring through genes located on chromosomes. Mendel's laws of inheritance describe the fundamental patterns of genetic transmission, including the law of segregation, which states that allele pairs separate during gamete formation, and the law of independent assortment, which explains that genes for different traits are inherited independently of each other.","Genetics studies how traits pass from parents to children through genes on chromosomes. Mendel discovered important patterns: • Law of segregation: each parent gives one copy of each gene to their child • Law of independent assortment: different traits are inherited separately For example, eye color and hair color are inherited independently.",17.4,9.5,79,56,"Simplified genetics terminology and provided concrete example.",23
11,English,Rhetorical Analysis,"Rhetorical analysis involves the systematic examination of how authors construct arguments and persuade audiences through the strategic use of ethos, pathos, and logos. Ethos establishes the speaker's credibility and moral character, pathos appeals to the audience's emotions and values, while logos employs logical reasoning and evidence to support claims. Effective rhetorical analysis requires identifying these appeals and evaluating their effectiveness within the specific context and purpose of the text.","Rhetorical analysis looks at how writers persuade their audience using three main strategies: • Ethos: building trust by showing the writer is credible and knowledgeable • Pathos: connecting with readers' emotions and values • Logos: using logical reasoning and evidence To analyze rhetoric, identify these strategies and decide how well they work for the intended audience.",16.3,9.2,83,61,"Organized persuasive appeals clearly and explained the analysis process.",22
11,English,Thematic Analysis,"Thematic analysis in literature involves the identification and examination of recurring ideas, concepts, or messages that permeate a literary work. Themes typically emerge through the interaction of various literary elements including character development, plot progression, setting, symbolism, and authorial commentary. Unlike topics, which represent the subject matter of a work, themes express the author's deeper insights or universal truths about human nature, society, or the human condition.","Thematic analysis finds the big ideas or messages in literature. Themes come through different parts of the story: • Character development • Plot events • Setting • Symbols • What the author says directly Themes are different from topics. Topics are what the story is about. Themes are the deeper meanings about life, people, or society.",15.8,9.1,74,58,"Distinguished between themes and topics, and organized literary elements clearly.",16
11,English,Literary Criticism,"Literary criticism encompasses various theoretical approaches and methodologies for interpreting and evaluating literary texts. Formalist criticism focuses on the text's structure, style, and literary devices, while historical criticism examines works within their social and cultural contexts. Feminist criticism analyzes gender representations and power dynamics, and psychoanalytic criticism applies psychological theories to understand character motivations and symbolic meanings within the narrative.","Literary criticism uses different methods to understand and judge literature: • Formalist: focuses on writing style and literary devices • Historical: looks at the time period and culture when it was written • Feminist: examines how gender and power are shown • Psychoanalytic: uses psychology to understand characters and symbols Each approach gives us different insights into the same text.",16.5,9.4,72,56,"Organized criticism types clearly and explained their focus areas.",16
12,Mathematics,Calculus Derivatives,"The derivative of a function represents the instantaneous rate of change at any given point and is fundamental to differential calculus. Derivatives can be computed using various rules including the power rule d/dx[x^n] = nx^(n-1), the product rule d/dx[f(x)g(x)] = f'(x)g(x) + f(x)g'(x), and the chain rule d/dx[f(g(x))] = f'(g(x))g'(x). These rules enable the calculation of derivatives for complex composite functions.","Derivatives show how fast a function changes at any point. They are key to calculus. Main rules for finding derivatives: • Power rule: d/dx[x^n] = nx^(n-1) • Product rule: d/dx[f(x)g(x)] = f'(x)g(x) + f(x)g'(x) • Chain rule: d/dx[f(g(x))] = f'(g(x))g'(x) These rules help us find derivatives of complicated functions.",17.6,9.3,70,55,"Simplified calculus terminology and organized rules with clear notation.",15
12,Mathematics,Integration Techniques,"Integration, the inverse process of differentiation, involves finding the antiderivative of a function. Various integration techniques exist to handle different types of functions, including substitution integration for composite functions, integration by parts for products of functions using the formula ∫u dv = uv - ∫v du, and partial fraction decomposition for rational functions where the degree of the numerator is less than the degree of the denominator.","Integration is the reverse of finding derivatives. It finds the original function from its rate of change. Key methods: • Substitution: used for composite functions • Integration by parts: for products, using ∫u dv = uv - ∫v du • Partial fractions: for rational functions (fractions with polynomials) Each method works best for different types of functions.",16.9,9.1,73,58,"Explained integration as reverse of derivatives and organized methods clearly.",15
12,Mathematics,Sequences and Series,"Sequences represent ordered lists of numbers following specific patterns, while series denote the sum of terms in a sequence. Arithmetic sequences have constant differences between consecutive terms, with the general term a_n = a_1 + (n-1)d, where d represents the common difference. Geometric sequences exhibit constant ratios between consecutive terms, expressed as a_n = a_1 × r^(n-1), where r represents the common ratio.","Sequences are ordered lists of numbers that follow a pattern. Series are the sums of sequence terms. Two main types: • Arithmetic sequences: same difference between terms Formula: a_n = a_1 + (n-1)d • Geometric sequences: same ratio between terms Formula: a_n = a_1 × r^(n-1) These formulas help us find any term in the sequence.",17.2,9.4,69,56,"Distinguished sequences from series and organized types with clear formulas.",13
12,Science,Organic Chemistry,"Organic chemistry focuses on the study of carbon-containing compounds and their properties, structures, and reactions. Carbon's unique ability to form four covalent bonds enables the creation of complex molecular structures including chains, rings, and branched arrangements. Functional groups, such as hydroxyl (-OH), carbonyl (C=O), and carboxyl (-COOH), determine the chemical behavior and properties of organic molecules.","Organic chemistry studies compounds that contain carbon. Carbon can form four bonds, which lets it make complex structures: • Chains: carbon atoms linked in a row • Rings: carbon atoms connected in circles • Branches: side chains off the main structure Functional groups like -OH, C=O, and -COOH determine how these molecules behave and react.",16.8,9.2,62,51,"Simplified chemistry concepts and used bullet points for structure types.",11
12,Science,Nuclear Physics,"Nuclear physics investigates the properties and behavior of atomic nuclei, including nuclear reactions such as fission and fusion. Nuclear fission involves the splitting of heavy nuclei into lighter fragments, releasing enormous amounts of energy according to Einstein's mass-energy equivalence E=mc². Nuclear fusion combines light nuclei to form heavier nuclei, also releasing significant energy, and represents the primary energy source powering stars including our sun.","Nuclear physics studies the center of atoms (nuclei) and nuclear reactions. Two main types: • Fission: heavy nuclei split into smaller pieces, releasing huge amounts of energy • Fusion: light nuclei combine to make heavier ones, also releasing energy Both follow Einstein's equation E=mc². Fusion powers the sun and other stars.",17.3,9.1,68,53,"Simplified nuclear concepts and explained energy release clearly.",15
12,Science,Evolution and Natural Selection,"Evolution represents the change in heritable traits of biological populations over successive generations through various mechanisms including natural selection, genetic drift, gene flow, and mutation. Natural selection, proposed by Charles Darwin, operates on the principle that individuals with advantageous traits are more likely to survive and reproduce, thereby passing these beneficial characteristics to their offspring and increasing their frequency in the population over time.","Evolution is how living things change over many generations. It happens through several ways: • Natural selection: individuals with helpful traits survive and reproduce more • Genetic drift: random changes in gene frequency • Gene flow: genes moving between populations • Mutation: new genetic changes Darwin showed that helpful traits become more common because they help survival.",17.8,9.6,81,63,"Simplified evolutionary concepts and explained Darwin's contribution clearly.",18
12,English,Postmodern Literature,"Postmodern literature emerged in the mid-20th century as a reaction against the conventions and assumptions of modernist literature, characterized by metafictional elements, unreliable narrators, fragmented narratives, and the blurring of boundaries between high and popular culture. Postmodern authors often employ techniques such as pastiche, parody, and intertextuality to challenge traditional notions of authorship, originality, and the relationship between fiction and reality.","Postmodern literature started in the mid-1900s as a reaction against earlier modern writing. Key features: • Metafiction: stories that talk about being stories • Unreliable narrators: storytellers you can't trust • Fragmented narratives: broken or mixed-up story structure • Mixed high and low culture Postmodern writers use parody and references to other works to question what makes literature 'real' or 'original.'",17.1,9.3,78,62,"Explained literary movement clearly and organized key features with bullet points.",16
12,English,Critical Theory,"Critical theory encompasses a broad range of interdisciplinary approaches to analyzing literature, culture, and society, including Marxist criticism which examines class struggles and economic power structures, postcolonial criticism which explores the effects of colonialism and cultural imperialism, and deconstructionist criticism which challenges the stability of meaning and reveals contradictions within texts.","Critical theory uses different methods to analyze literature, culture, and society: • Marxist criticism: looks at class conflicts and economic power • Postcolonial criticism: studies the effects of colonialism • Deconstructionist criticism: shows how meaning in texts can be unstable Each approach reveals different aspects of power, culture, and meaning in literature.",16.7,9.5,65,50,"Organized theoretical approaches clearly and explained their focus areas.",15
10,Mathematics,Systems of Equations,"Systems of linear equations consist of two or more equations with multiple variables that must be solved simultaneously to find values that satisfy all equations in the system. Common solution methods include substitution, where one variable is expressed in terms of another and substituted into the remaining equations, elimination, which involves adding or subtracting equations to eliminate variables, and graphical methods that identify intersection points of linear functions.","Systems of equations have two or more equations that we solve at the same time. We need to find values that work for all equations. Three main ways to solve them: • Substitution: solve for one variable, then substitute into other equations • Elimination: add or subtract equations to remove variables • Graphing: find where the lines cross Each method works well for different types of problems.",15.4,8.9,79,60,"Organized solution methods clearly and explained when each works best.",19
10,Mathematics,Exponential Functions,"Exponential functions are characterized by variables appearing in the exponent position and exhibit distinctive growth or decay patterns. The general form f(x) = ab^x contains a base b that determines whether the function represents exponential growth (b > 1) or exponential decay (0 < b < 1). These functions model numerous real-world phenomena including population growth, radioactive decay, and compound interest calculations.","Exponential functions have variables in the exponent position, like f(x) = ab^x. They show growth or decay patterns: • If b > 1: exponential growth (gets bigger fast) • If 0 < b < 1: exponential decay (gets smaller) These functions model real situations like population growth, radioactive decay, and compound interest.",14.8,9.2,68,52,"Simplified mathematical terminology and provided real-world applications.",16
10,Mathematics,Geometric Transformations,"Geometric transformations involve systematic methods of changing the position, size, or orientation of geometric figures in the coordinate plane. The primary transformations include translations (sliding figures without rotation), reflections (flipping figures across a line), rotations (turning figures around a fixed point), and dilations (scaling figures larger or smaller while maintaining proportional relationships between corresponding parts).","Geometric transformations change the position, size, or direction of shapes. Four main types: • Translation: sliding a shape without turning it • Reflection: flipping a shape across a line (like a mirror) • Rotation: turning a shape around a fixed point • Dilation: making a shape larger or smaller while keeping the same proportions",15.1,8.7,66,54,"Used simple language and everyday comparisons like mirrors.",12
10,Science,States of Matter,"Matter exists in distinct physical states determined by the arrangement and motion of particles. Solids maintain definite shape and volume due to tightly packed particles with limited motion. Liquids possess definite volume but take the shape of their container as particles move more freely while remaining in close proximity. Gases expand to fill available space completely because particles move rapidly with significant distances between them.","Matter exists in different states based on how particles move and are arranged: • Solids: particles packed tightly, definite shape and volume • Liquids: particles close but move freely, definite volume but take container shape • Gases: particles move fast and spread out, fill all available space Temperature changes can make matter change from one state to another.",16.2,9.0,67,59,"Organized states clearly and explained particle behavior simply.",8
10,Science,Chemical Reactions,"Chemical reactions involve the rearrangement of atoms to form new substances with different properties from the original reactants. During these processes, chemical bonds are broken in reactants and new bonds form to create products, while the total number of atoms remains constant according to the law of conservation of mass. Reactions can be classified as synthesis (combining substances), decomposition (breaking down compounds), or replacement (exchanging atoms between compounds).","Chemical reactions happen when atoms rearrange to make new substances. The process: • Bonds break in the starting materials (reactants) • New bonds form to make different substances (products) • The total number of atoms stays the same Main types: synthesis (combining), decomposition (breaking apart), and replacement (switching atoms).",16.4,9.1,65,52,"Simplified reaction terminology and organized types clearly.",13
10,Science,Force and Motion,"Newton's laws of motion provide fundamental principles governing the relationship between forces acting on objects and their resulting motion. The first law states that objects in motion tend to stay in motion unless acted upon by an external force. The second law establishes that force equals mass times acceleration (F = ma). The third law declares that for every action force, there exists an equal and opposite reaction force.","Newton's three laws explain how forces affect motion: • First law: objects keep moving (or stay still) unless a force acts on them • Second law: force equals mass times acceleration (F = ma) • Third law: every action has an equal and opposite reaction For example, when you push on a wall, the wall pushes back with the same force.",15.7,8.8,72,58,"Simplified physics concepts and provided concrete example.",14
10,English,Poetry Analysis,"Poetry analysis involves examining the various literary elements and techniques poets employ to convey meaning, emotion, and artistic expression. Key components include meter and rhythm, which establish the poem's musical qualities, figurative language such as metaphors and symbolism that create deeper layers of meaning, and structural elements including rhyme scheme, stanza organization, and line breaks that contribute to the overall aesthetic and interpretive experience.","Poetry analysis looks at how poets create meaning and emotion. Key elements to examine: • Meter and rhythm: the musical beat of the poem • Figurative language: metaphors, symbols, and imagery • Structure: rhyme patterns, stanza arrangement, and line breaks • Theme: the main message or idea These elements work together to create the poem's effect on readers.",16.8,9.3,74,55,"Organized poetry elements clearly and explained their combined effect.",19
10,English,Essay Writing,"Effective essay writing requires careful attention to structure, argumentation, and stylistic considerations. The introduction should engage readers while presenting a clear thesis statement that establishes the essay's central argument. Body paragraphs must provide supporting evidence and analysis that logically develops the thesis, while the conclusion synthesizes key points and reinforces the overall argument without merely restating previous content.","Good essay writing needs clear structure and strong arguments. Key parts: • Introduction: hook the reader and state your main argument (thesis) • Body paragraphs: provide evidence and explain how it supports your thesis • Conclusion: tie everything together and reinforce your main point Each paragraph should connect logically to build a convincing argument.",15.9,9.0,69,54,"Simplified essay structure and emphasized logical connections.",15
10,English,Reading Comprehension,"Reading comprehension encompasses the ability to understand, interpret, and critically evaluate written texts through active engagement with the material. Effective comprehension strategies include previewing texts to establish context, identifying main ideas and supporting details, making inferences based on textual evidence, and synthesizing information from multiple sources to develop comprehensive understanding of complex topics and themes.","Reading comprehension means understanding and thinking critically about what you read. Good strategies include: • Preview: look at headings, pictures, and structure first • Find main ideas and supporting details • Make inferences: read between the lines using evidence • Synthesize: combine information from different parts or sources These skills help you understand complex texts deeply.",16.1,9.2,67,52,"Organized reading strategies clearly and explained their purpose.",15
11,Mathematics,Rational Functions,"Rational functions are defined as quotients of polynomial functions, expressed in the form f(x) = P(x)/Q(x) where P(x) and Q(x) are polynomials and Q(x) ≠ 0. These functions exhibit distinctive characteristics including vertical asymptotes at x-values where the denominator equals zero, horizontal asymptotes determined by comparing degrees of numerator and denominator polynomials, and possible holes or removable discontinuities when common factors exist in both numerator and denominator.","Rational functions are fractions with polynomials on top and bottom: f(x) = P(x)/Q(x). Key features: • Vertical asymptotes: occur where the bottom equals zero • Horizontal asymptotes: depend on the degrees of top and bottom polynomials • Holes: happen when the same factor appears in both top and bottom Understanding these features helps us graph and analyze rational functions.",17.3,9.4,85,63,"Simplified fraction terminology and organized key features clearly.",22
11,Mathematics,Conic Sections,"Conic sections represent the curves formed by the intersection of a plane with a double cone, resulting in four distinct geometric shapes: circles, ellipses, parabolas, and hyperbolas. Each conic section possesses unique mathematical properties and equations, with circles having constant radius from a center point, ellipses featuring two foci with constant sum of distances, parabolas maintaining equal distance from focus and directrix, and hyperbolas exhibiting constant difference of distances from two foci.","Conic sections are curves made when a plane cuts through a cone. Four types: • Circle: all points same distance from center • Ellipse: oval shape with two focus points • Parabola: U-shaped curve • Hyperbola: two curved branches Each has its own equation and special properties.",16.8,9.1,84,54,"Simplified geometric concepts and organized the four types clearly.",30
11,Mathematics,Matrix Operations,"Matrix operations form the foundation of linear algebra and involve systematic procedures for manipulating rectangular arrays of numbers. Fundamental operations include matrix addition and subtraction, which require matrices of identical dimensions, scalar multiplication where each element is multiplied by a constant, and matrix multiplication, which follows specific rules where the number of columns in the first matrix must equal the number of rows in the second matrix.","Matrix operations work with rectangular grids of numbers. Basic operations: • Addition/subtraction: matrices must be the same size • Scalar multiplication: multiply every number by the same value • Matrix multiplication: follow special rules about rows and columns These operations are used in computer graphics, engineering, and data analysis.",16.5,9.3,68,52,"Simplified matrix terminology and mentioned practical applications.",16
11,Mathematics,Probability Distributions,"Probability distributions describe the likelihood of different outcomes in random events and can be categorized as discrete or continuous. Discrete distributions, such as binomial and Poisson distributions, deal with countable outcomes, while continuous distributions, including normal and exponential distributions, involve measurements that can take any value within a specified range. The normal distribution, characterized by its bell-shaped curve, is particularly significant due to the central limit theorem.","Probability distributions show how likely different outcomes are in random events. Two main types: • Discrete: countable outcomes (like coin flips) Examples: binomial, Poisson • Continuous: any value in a range (like height) Examples: normal, exponential The normal distribution (bell curve) is especially important because of the central limit theorem.",17.1,9.4,73,56,"Organized distribution types clearly and provided concrete examples.",17
11,Science,Thermodynamics,"Thermodynamics encompasses the study of energy transfer and transformation in physical systems, governed by four fundamental laws. The first law establishes conservation of energy, stating that energy cannot be created or destroyed but only converted between forms. The second law introduces the concept of entropy, indicating that isolated systems tend toward maximum disorder. The third law defines absolute zero temperature, while the zeroth law establishes thermal equilibrium principles.","Thermodynamics studies energy transfer and change in physical systems. Four main laws: • First law: energy cannot be created or destroyed, only changed from one form to another • Second law: systems naturally move toward more disorder (entropy) • Third law: defines absolute zero temperature • Zeroth law: explains thermal equilibrium These laws govern all energy processes in the universe.",17.6,9.2,76,62,"Simplified energy concepts and organized laws clearly.",14
11,Science,Electromagnetic Waves,"Electromagnetic waves represent oscillating electric and magnetic fields that propagate through space at the speed of light, encompassing a broad spectrum including radio waves, microwaves, infrared radiation, visible light, ultraviolet radiation, X-rays, and gamma rays. These waves exhibit both wave and particle properties, with wavelength and frequency inversely related according to the equation c = λf, where c represents the speed of light, λ denotes wavelength, and f indicates frequency.","Electromagnetic waves are energy that travels through space at light speed. The electromagnetic spectrum includes: • Radio waves • Microwaves • Infrared • Visible light • Ultraviolet • X-rays • Gamma rays All follow the equation c = λf (speed = wavelength × frequency). These waves have both wave and particle properties.",17.4,9.1,74,55,"Listed spectrum types clearly and explained key equation simply.",19
11,Science,Acid-Base Chemistry,"Acid-base chemistry involves the study of substances that donate or accept protons (hydrogen ions) according to the Brønsted-Lowry definition. Acids are proton donors that increase hydrogen ion concentration in aqueous solutions, while bases are proton acceptors that increase hydroxide ion concentration. The pH scale, ranging from 0 to 14, quantifies acidity and basicity, with 7 representing neutrality, values below 7 indicating acidity, and values above 7 indicating basicity.","Acid-base chemistry studies substances that give or take hydrogen ions (protons). • Acids: give away protons, make solutions more acidic • Bases: accept protons, make solutions more basic The pH scale (0-14) measures acidity: • pH = 7: neutral (pure water) • pH < 7: acidic • pH > 7: basic This scale helps us understand solution properties.",16.9,9.3,78,58,"Simplified chemical concepts and organized pH scale clearly.",20
11,English,Comparative Literature,"Comparative literature involves the systematic analysis of literary works from different cultures, languages, time periods, and genres to identify universal themes, cultural differences, and the evolution of literary traditions. This interdisciplinary approach examines how historical contexts, social conditions, and cultural values influence literary expression while exploring connections between texts that transcend geographical and temporal boundaries.","Comparative literature analyzes works from different cultures, languages, and time periods. It looks for: • Universal themes that appear across cultures • Cultural differences in how stories are told • How historical events influence literature • Connections between texts from different places and times This approach helps us understand both what makes literature universal and what makes it unique to specific cultures.",16.7,9.5,72,57,"Organized comparative elements clearly and explained the approach's value.",15
11,English,Modernist Literature,"Modernist literature emerged in the early 20th century as writers sought to break from traditional narrative conventions and explore new forms of expression in response to rapid social, technological, and cultural changes. Characteristics include stream-of-consciousness techniques, fragmented narratives, unreliable narrators, and experimental approaches to time and space. Prominent modernist authors such as James Joyce, Virginia Woolf, and T.S. Eliot revolutionized literary form and content.","Modernist literature developed in the early 1900s as writers tried new ways of telling stories. Key features: • Stream-of-consciousness: showing characters' thoughts directly • Fragmented narratives: broken or non-linear story structure • Experimental time: playing with past, present, and future • New forms and styles Famous modernist writers include James Joyce, Virginia Woolf, and T.S. Eliot.",17.2,9.4,78,58,"Organized modernist techniques clearly and mentioned key authors.",20
11,English,Argumentative Writing,"Argumentative writing requires the construction of logical, evidence-based arguments that persuade readers to accept a particular viewpoint or take specific action. Effective arguments incorporate credible sources, acknowledge counterarguments, and refute opposing positions through logical reasoning and factual evidence. The structure typically includes a clear thesis statement, well-developed body paragraphs with supporting evidence, and a conclusion that reinforces the argument while calling for reader response or action.","Argumentative writing builds logical arguments to persuade readers. Key elements: • Clear thesis: state your main argument • Strong evidence: use credible sources and facts • Address counterarguments: acknowledge and refute opposing views • Logical structure: organize points to build your case • Call to action: tell readers what to do or think The goal is to convince readers through reason and evidence.",16.8,9.2,75,59,"Organized argument elements clearly and explained the goal.",16
12,Mathematics,Limits and Continuity,"Limits represent fundamental concepts in calculus that describe the behavior of functions as input values approach specific points or infinity. A function f(x) has limit L as x approaches c if f(x) can be made arbitrarily close to L by choosing x sufficiently close to c. Continuity requires that a function's limit equals its actual value at a given point, formally expressed as lim(x→c) f(x) = f(c).","Limits describe what happens to a function as x gets close to a certain value. A function has limit L at point c if f(x) gets very close to L when x gets close to c. For continuity: • The limit must exist • The function value must exist at that point • The limit must equal the function value This means the graph has no breaks or jumps.",17.8,9.3,77,62,"Simplified calculus concepts and explained continuity requirements clearly.",15
12,Mathematics,Probability and Statistics,"Probability and statistics encompass methods for analyzing uncertainty and variability in data through mathematical models and inferential techniques. Descriptive statistics summarize data characteristics using measures of central tendency (mean, median, mode) and variability (range, variance, standard deviation), while inferential statistics use sample data to make generalizations about populations through hypothesis testing, confidence intervals, and regression analysis.","Probability and statistics help us understand uncertain data and make predictions. Two main areas: • Descriptive statistics: summarize data using averages, medians, and measures of spread • Inferential statistics: use sample data to make conclusions about whole populations Key tools include hypothesis testing, confidence intervals, and regression analysis to find patterns and relationships.",17.5,9.4,75,57,"Organized statistics areas clearly and mentioned key analytical tools.",18
12,Mathematics,Vectors and Vector Operations,"Vectors represent quantities possessing both magnitude and direction, commonly used in physics and engineering applications. Vector operations include addition through the parallelogram rule or component method, scalar multiplication that changes magnitude while preserving direction, dot product calculation that yields scalar quantities related to projection and work, and cross product computation that produces vectors perpendicular to the original vectors.","Vectors have both size (magnitude) and direction, like velocity or force. Key operations: • Addition: combine vectors using parallelogram rule or components • Scalar multiplication: changes size but keeps same direction • Dot product: gives a number related to how aligned vectors are • Cross product: creates a new vector perpendicular to both original vectors These operations are essential in physics and engineering.",16.9,9.1,68,58,"Simplified vector concepts and provided physics context.",10
12,Science,Quantum Mechanics,"Quantum mechanics describes the behavior of matter and energy at atomic and subatomic scales, where classical physics principles no longer apply. Fundamental concepts include wave-particle duality, which demonstrates that particles exhibit both wave and particle characteristics, uncertainty principle stating that position and momentum cannot be simultaneously measured with perfect accuracy, and quantum superposition allowing particles to exist in multiple states simultaneously until measurement occurs.","Quantum mechanics explains how very tiny particles behave differently from everyday objects. Key concepts: • Wave-particle duality: particles can act like waves or particles • Uncertainty principle: you cannot know both position and speed exactly • Superposition: particles can be in multiple states at once until measured These strange behaviors only happen at the atomic level.",18.1,9.5,72,54,"Simplified quantum concepts and emphasized scale dependency.",18
12,Science,Biochemistry,"Biochemistry investigates the chemical processes and molecular interactions occurring within living organisms, focusing on the structure and function of biological macromolecules including proteins, carbohydrates, lipids, and nucleic acids. Enzymes serve as biological catalysts that accelerate metabolic reactions by lowering activation energy, while metabolic pathways represent interconnected sequences of enzymatic reactions that maintain cellular function and energy production.","Biochemistry studies chemical processes in living things. It focuses on four main molecules: • Proteins: do most of the work in cells • Carbohydrates: provide energy and structure • Lipids: make membranes and store energy • Nucleic acids: store genetic information (DNA, RNA) Enzymes speed up chemical reactions by lowering the energy needed to start them.",17.7,9.2,71,58,"Organized biomolecules clearly and explained enzyme function simply.",13
12,Science,Environmental Science,"Environmental science represents an interdisciplinary field examining interactions between physical, chemical, and biological components of the environment while addressing human impact on natural systems. Climate change, driven primarily by greenhouse gas emissions from fossil fuel combustion, demonstrates how human activities alter global atmospheric composition and temperature patterns. Sustainable development strategies seek to balance economic growth with environmental conservation and social equity.","Environmental science studies how physical, chemical, and biological parts of the environment work together and how humans affect natural systems. Key issues: • Climate change: caused mainly by greenhouse gases from burning fossil fuels • Human impact: how our activities change air, water, and land • Sustainable development: balancing economic growth with environmental protection This field helps us understand and solve environmental problems.",17.4,9.3,74,62,"Organized environmental concepts clearly and explained interdisciplinary nature.",12
12,English,Contemporary Literature,"Contemporary literature encompasses works produced from the mid-20th century to the present, reflecting diverse voices, globalization effects, and technological influences on human experience. These works often address themes of identity, cultural displacement, technological alienation, and social justice while employing innovative narrative techniques including metafiction, magical realism, and multimedia integration. Contemporary authors frequently challenge traditional literary boundaries and explore marginalized perspectives.","Contemporary literature includes works from the mid-1900s to today. It reflects our modern world through: • Diverse voices: writers from many backgrounds and cultures • Global themes: effects of globalization and cultural mixing • Technology's impact: how digital life changes human experience • Social justice: addressing inequality and marginalized groups Writers use new techniques like metafiction and magical realism to tell stories in fresh ways.",17.0,9.4,73,58,"Organized contemporary themes clearly and mentioned innovative techniques.",15
12,English,Research and Documentation,"Research and documentation require systematic investigation of topics through credible sources, critical evaluation of information, and proper citation of materials to avoid plagiarism and maintain academic integrity. Effective research involves identifying appropriate primary and secondary sources, evaluating source credibility and bias, synthesizing information from multiple perspectives, and documenting sources according to established style guides such as MLA, APA, or Chicago formats.","Research and documentation involve finding reliable information and giving proper credit to sources. Key steps: • Find credible primary and secondary sources • Evaluate source reliability and possible bias • Combine information from different viewpoints • Cite sources correctly using style guides (MLA, APA, Chicago) Good research skills prevent plagiarism and build strong, supported arguments.",16.6,9.1,70,53,"Organized research process clearly and emphasized academic integrity.",17
10,Mathematics,Solving Inequalities,"Solving inequalities involves finding the range of values that satisfy mathematical statements expressing relationships of greater than, less than, greater than or equal to, or less than or equal to. The solution process parallels equation solving with the critical exception that multiplying or dividing both sides by negative numbers reverses the inequality sign. Compound inequalities require solving multiple conditions simultaneously and expressing solutions using interval notation or set-builder notation.","Solving inequalities finds all values that make the statement true. Process is similar to solving equations with one important rule: • When multiplying or dividing by negative numbers, flip the inequality sign Types of inequalities: • Simple: x > 5 or x ≤ -2 • Compound: combining two inequalities Solutions can be written using interval notation or graphed on number lines.",15.3,8.8,74,56,"Highlighted the key rule and organized inequality types clearly.",18
10,Mathematics,Data Analysis,"Data analysis encompasses the systematic examination of numerical information to identify patterns, trends, and relationships within datasets. Measures of central tendency including mean, median, and mode provide insights into typical values, while measures of variability such as range, variance, and standard deviation quantify data spread. Graphical representations including histograms, box plots, and scatter plots facilitate visual interpretation of data distributions and correlations.","Data analysis examines numbers to find patterns and trends. Key measures: • Central tendency: mean (average), median (middle value), mode (most common) • Variability: range, variance, standard deviation (how spread out data is) • Graphs: histograms, box plots, scatter plots help visualize data These tools help us understand what the data tells us and make informed decisions.",15.8,9.0,71,54,"Organized statistical measures clearly and explained their purpose.",17
10,Mathematics,Basic Trigonometry,"Trigonometry studies relationships between angles and sides in triangles, particularly right triangles. The primary trigonometric functions sine, cosine, and tangent represent ratios of triangle sides: sine equals opposite over hypotenuse, cosine equals adjacent over hypotenuse, and tangent equals opposite over adjacent. These functions enable calculation of unknown angles and sides when sufficient information about the triangle is provided.","Trigonometry studies angles and sides in triangles, especially right triangles. Three main functions use ratios: • Sine (sin): opposite side ÷ hypotenuse • Cosine (cos): adjacent side ÷ hypotenuse • Tangent (tan): opposite side ÷ adjacent side These help us find missing angles or sides when we know some information about the triangle.",15.1,8.9,72,52,"Organized trig functions clearly with their definitions.",20
10,Science,Periodic Table,"The periodic table organizes chemical elements according to increasing atomic number and reveals recurring patterns in elemental properties. Elements in the same column (groups or families) share similar chemical behaviors due to identical numbers of valence electrons, while elements in the same row (periods) have the same number of electron shells. Trends across the table include atomic radius, ionization energy, and electronegativity changes that follow predictable patterns.","The periodic table organizes elements by atomic number and shows patterns in their properties. Key organization: • Groups (columns): elements with similar properties due to same number of outer electrons • Periods (rows): elements with same number of electron shells • Trends: atomic size, ionization energy, and electronegativity change predictably across the table This organization helps predict how elements will behave.",16.4,9.2,68,55,"Organized table structure clearly and explained predictive value.",13
10,Science,Ecosystems and Biomes,"Ecosystems represent complex networks of interactions between living organisms and their physical environment, including energy flow through food chains and nutrient cycling processes. Biomes are large geographic regions characterized by distinctive climate patterns and plant communities, such as tropical rainforests with high biodiversity and desert biomes adapted to arid conditions. Human activities increasingly impact these natural systems through habitat destruction, pollution, and climate change.","Ecosystems are networks where living things interact with their environment. They include energy flow through food chains and nutrient recycling. Biomes are large regions with similar climate and plants: • Tropical rainforests: high biodiversity, warm and wet • Deserts: adapted to dry conditions • Other biomes: grasslands, forests, tundra Human activities affect these systems through habitat loss, pollution, and climate change.",16.7,9.1,73,58,"Organized ecosystem concepts and provided biome examples clearly.",15
10,English,Grammar and Mechanics,"Grammar and mechanics encompass the fundamental rules governing proper written communication, including sentence structure, punctuation, capitalization, and spelling conventions. Effective writing requires understanding parts of speech, subject-verb agreement, pronoun-antecedent relationships, and proper use of modifiers. Punctuation marks serve specific functions in clarifying meaning, with commas separating elements, semicolons connecting related clauses, and apostrophes indicating possession or contractions.","Grammar and mechanics are the basic rules for clear writing. Key areas: • Sentence structure: how to build complete sentences • Parts of speech: nouns, verbs, adjectives, etc. • Agreement: subjects and verbs must match • Punctuation: commas, semicolons, apostrophes help clarify meaning • Spelling and capitalization: follow standard conventions Good grammar helps readers understand your ideas clearly.",16.2,8.9,69,52,"Organized grammar concepts clearly and emphasized communication purpose.",17
10,English,Creative Writing,"Creative writing involves the artistic expression of ideas, emotions, and experiences through various forms including short stories, poetry, drama, and personal narratives. Effective creative writing employs literary devices such as imagery, symbolism, and metaphor to engage readers and convey deeper meanings. The writing process includes brainstorming, drafting, revising, and editing stages, with emphasis on developing authentic voice, compelling characters, and engaging plots that resonate with intended audiences.","Creative writing is artistic expression through stories, poems, plays, and personal narratives. Key elements: • Literary devices: imagery, symbolism, metaphor to create deeper meaning • Voice: developing your unique writing style • Characters: creating believable, interesting people • Plot: building engaging story events The writing process involves brainstorming, drafting, revising, and editing to create work that connects with readers.",16.5,9.3,75,56,"Organized creative elements clearly and outlined the writing process.",19
11,Mathematics,Advanced Functions,"Advanced functions extend beyond basic polynomial and rational functions to include exponential, logarithmic, and trigonometric functions with complex behaviors and applications. Transformations of functions involve systematic changes including horizontal and vertical shifts, reflections across axes, and stretches or compressions that modify the parent function's graph predictably. Composition of functions creates new functions by applying one function to the output of another, expressed as (f ∘ g)(x) = f(g(x)).","Advanced functions go beyond basic polynomials to include exponential, logarithmic, and trigonometric functions. Key concepts: • Transformations: shifts, reflections, stretches that change graphs predictably • Composition: combining functions where (f ∘ g)(x) = f(g(x)) • Applications: modeling real-world situations like growth and decay These functions help solve complex problems in science and engineering.",17.1,9.4,72,54,"Organized function concepts clearly and mentioned real-world applications.",18
11,Mathematics,Analytic Geometry,"Analytic geometry combines algebraic methods with geometric concepts to study curves, lines, and shapes using coordinate systems. The distance formula d = √[(x₂-x₁)² + (y₂-y₁)²] calculates distances between points, while the midpoint formula finds centers of line segments. Equations of lines, circles, and conic sections can be manipulated algebraically to determine geometric properties including slopes, intercepts, centers, and radii.","Analytic geometry uses algebra to study shapes on coordinate grids. Key formulas: • Distance: d = √[(x₂-x₁)² + (y₂-y₁)²] • Midpoint: finds the center point of line segments • Line equations: determine slopes and intercepts • Circle and conic equations: find centers, radii, and other properties This connects algebra and geometry to solve spatial problems.",16.8,9.2,67,51,"Organized geometric formulas clearly and explained the algebra-geometry connection.",16
11,Mathematics,Mathematical Modeling,"Mathematical modeling involves translating real-world problems into mathematical language and using mathematical tools to analyze situations and make predictions. The modeling process includes identifying variables, making simplifying assumptions, creating equations or functions that represent relationships, solving the mathematical problem, and interpreting results within the original context. Models range from simple linear relationships to complex systems requiring advanced mathematical techniques.","Mathematical modeling turns real problems into math language to find solutions. The process: • Identify important variables • Make reasonable assumptions to simplify • Create equations that show relationships • Solve the math problem • Interpret results in the real-world context Models can be simple (linear) or complex (systems). They help predict outcomes and make decisions.",16.9,9.1,73,56,"Organized modeling process clearly and explained its practical value.",17
11,Science,Molecular Biology,"Molecular biology investigates biological processes at the molecular level, focusing on the structure and function of macromolecules that govern cellular activities. DNA replication, transcription, and translation represent the central dogma of molecular biology, describing how genetic information flows from DNA to RNA to proteins. Gene expression regulation determines when and how genes are activated, involving complex mechanisms including promoters, enhancers, and transcription factors that control protein synthesis.","Molecular biology studies how cells work at the molecular level. The central dogma explains information flow: • DNA replication: copying genetic information • Transcription: making RNA from DNA • Translation: making proteins from RNA Gene expression control determines which genes are active when, using: • Promoters: DNA sequences that start transcription • Enhancers: sequences that increase gene activity • Transcription factors: proteins that help control genes",17.6,9.3,78,64,"Organized central dogma clearly and explained gene regulation components.",14
11,Science,Chemical Kinetics,"Chemical kinetics examines the rates of chemical reactions and the factors that influence reaction speed, including concentration, temperature, surface area, and the presence of catalysts. Reaction rate laws express mathematical relationships between reactant concentrations and reaction rates, typically following the form rate = k[A]^m[B]^n where k represents the rate constant and m and n indicate reaction orders. Activation energy represents the minimum energy required for reactions to occur.","Chemical kinetics studies how fast chemical reactions happen and what affects their speed. Factors that change reaction rates: • Concentration: more reactants usually mean faster reactions • Temperature: higher temperature speeds up reactions • Surface area: smaller particles react faster • Catalysts: substances that speed up reactions without being used up Rate laws show math relationships: rate = k[A]^m[B]^n",17.3,9.4,74,58,"Organized rate factors clearly and simplified the rate law equation.",16
11,Science,Physics of Waves,"Wave physics encompasses the study of energy transfer through oscillatory motion without the transport of matter. Waves exhibit characteristic properties including wavelength (distance between corresponding points), frequency (oscillations per unit time), amplitude (maximum displacement), and speed (distance traveled per unit time). The wave equation v = fλ relates wave speed to frequency and wavelength, while interference patterns result from the superposition of multiple waves.","Wave physics studies how energy moves through oscillating motion without moving matter. Key wave properties: • Wavelength: distance between wave peaks • Frequency: how many waves pass per second • Amplitude: height of the wave (energy amount) • Speed: how fast the wave travels The wave equation v = fλ connects speed, frequency, and wavelength. Waves can interfere with each other to create new patterns.",17.0,9.2,72,59,"Organized wave properties clearly and explained the fundamental equation.",13
11,English,World Literature,"World literature encompasses literary works from diverse global cultures and traditions, offering insights into universal human experiences while highlighting cultural specificities and historical contexts. Comparative analysis of texts from different continents reveals common themes such as love, loss, identity, and social justice while demonstrating how cultural values, religious beliefs, and historical circumstances shape narrative techniques and thematic emphases across different literary traditions.","World literature includes works from many cultures and countries. It shows both universal human experiences and unique cultural perspectives. Common themes across cultures: • Love and relationships • Identity and belonging • Social justice and inequality • Loss and grief Comparing literature from different places helps us understand how culture, religion, and history influence how stories are told and what they emphasize.",16.8,9.4,71,56,"Organized global themes clearly and explained comparative value.",15
11,English,Media Literacy,"Media literacy involves the ability to access, analyze, evaluate, and create media content across various platforms and formats. Critical media analysis requires examining how messages are constructed, identifying target audiences, recognizing bias and propaganda techniques, and understanding how technical elements such as camera angles, editing, and sound influence viewer perception. Digital literacy extends these skills to online environments, emphasizing source credibility and information verification.","Media literacy means understanding and evaluating media messages across different platforms. Key skills: • Analyze how messages are created and who they target • Recognize bias and propaganda techniques • Understand how camera work, editing, and sound affect viewers • Check source credibility, especially online • Create media content thoughtfully These skills help us be smart consumers and creators of media in our digital world.",16.7,9.3,69,54,"Organized media skills clearly and emphasized digital applications.",15
11,English,Advanced Composition,"Advanced composition requires sophisticated integration of research, analysis, and argumentation in extended written works. Effective academic writing demonstrates mastery of rhetorical strategies, seamless incorporation of source material through quotation, paraphrase, and summary, and adherence to disciplinary conventions including proper citation formats and scholarly tone. Revision processes focus on organizational coherence, argumentative strength, and stylistic refinement to produce polished, professional-quality documents.","Advanced composition combines research, analysis, and argument in longer papers. Key elements: • Rhetorical strategies: using ethos, pathos, logos effectively • Source integration: quoting, paraphrasing, and summarizing smoothly • Academic conventions: proper citations and scholarly tone • Organization: clear structure that supports your argument • Revision: improving logic, organization, and style Strong academic writing demonstrates deep thinking and clear communication.",17.2,9.5,74,57,"Organized composition elements clearly and emphasized revision importance.",17
12,Mathematics,Advanced Calculus,"Advanced calculus extends differential and integral calculus concepts to multivariable functions and vector fields. Partial derivatives measure rates of change with respect to one variable while holding others constant, enabling analysis of functions with multiple inputs. Multiple integration techniques allow calculation of volumes, surface areas, and other quantities in three-dimensional space, while vector calculus introduces concepts including gradient, divergence, and curl operations.","Advanced calculus works with functions that have multiple variables and vector fields. Key concepts: • Partial derivatives: rate of change with respect to one variable at a time • Multiple integration: finding volumes and areas in 3D space • Vector calculus: gradient (steepness), divergence (spreading), curl (rotation) • Applications: physics, engineering, economics These tools help analyze complex systems with many changing variables.",18.1,9.4,74,59,"Simplified multivariable concepts and mentioned practical applications.",15
12,Mathematics,Discrete Mathematics,"Discrete mathematics studies mathematical structures that are fundamentally discrete rather than continuous, including combinatorics, graph theory, and mathematical logic. Combinatorial analysis involves counting techniques for permutations and combinations, while graph theory examines networks of vertices connected by edges. Mathematical induction provides a proof technique for statements involving natural numbers, and Boolean algebra forms the foundation for computer science applications.","Discrete mathematics studies separate, countable structures rather than continuous ones. Main areas: • Combinatorics: counting permutations and combinations • Graph theory: networks of connected points • Mathematical induction: proving statements about whole numbers • Boolean algebra: logic operations used in computer science These concepts are essential for computer science, cryptography, and optimization problems.",17.7,9.3,69,54,"Organized discrete areas clearly and mentioned computer science applications.",15
12,Mathematics,Mathematical Proofs,"Mathematical proofs provide rigorous logical arguments that establish the truth of mathematical statements through systematic reasoning. Common proof techniques include direct proof, which assumes hypotheses and logically derives conclusions, proof by contradiction, which assumes the negation of the desired conclusion and derives a logical contradiction, and mathematical induction, which proves statements for all natural numbers through base cases and inductive steps.","Mathematical proofs use logical reasoning to show that statements are definitely true. Main proof methods: • Direct proof: assume what we know is true and logically show the conclusion • Proof by contradiction: assume the opposite and show it leads to an impossible result • Mathematical induction: prove for first case, then show if true for n, it's true for n+1 Proofs require clear logic and careful reasoning at every step.",17.4,9.2,75,62,"Organized proof types clearly and emphasized logical reasoning requirement.",13
12,Science,Advanced Chemistry,"Advanced chemistry explores complex molecular interactions, reaction mechanisms, and thermodynamic principles governing chemical processes. Organic reaction mechanisms detail step-by-step pathways showing how bonds break and form during chemical transformations, often involving intermediates such as carbocations, carbanions, and free radicals. Physical chemistry applies mathematical models to understand molecular behavior, including quantum mechanical descriptions of atomic and molecular structure.","Advanced chemistry studies complex molecular interactions and how reactions happen step-by-step. Key areas: • Reaction mechanisms: detailed pathways showing how bonds break and form • Intermediates: temporary species like carbocations and free radicals • Physical chemistry: using math to understand molecular behavior • Quantum chemistry: describing atoms and molecules using quantum mechanics These concepts help predict and control chemical reactions.",18.0,9.5,71,54,"Simplified complex chemistry concepts and organized key areas clearly.",17
12,Science,Biotechnology,"Biotechnology harnesses biological systems, organisms, or derivatives to develop products and technologies that improve human life and environmental sustainability. Genetic engineering techniques including CRISPR-Cas9 enable precise modification of DNA sequences, while recombinant DNA technology allows production of therapeutic proteins in bacterial or mammalian cell cultures. Applications span medicine, agriculture, environmental remediation, and industrial processes.","Biotechnology uses living systems to develop products that help humans and the environment. Key techniques: • Genetic engineering: precisely editing DNA using tools like CRISPR • Recombinant DNA: making useful proteins in bacteria or cell cultures • Applications: medicine (new drugs), agriculture (better crops), environment (cleanup) • Industrial processes: making materials using biological systems This field combines biology with technology to solve real-world problems.",17.8,9.4,73,58,"Organized biotechnology applications clearly and simplified technical concepts.",15
12,Science,Astrophysics,"Astrophysics applies physical principles to understand celestial objects and phenomena throughout the universe, from stellar formation and evolution to galactic dynamics and cosmological models. Stellar nucleosynthesis explains how elements heavier than hydrogen and helium form in stellar cores through nuclear fusion processes. Black holes represent regions of spacetime where gravitational effects become so strong that nothing, including light, can escape their event horizons.","Astrophysics uses physics to understand space objects and the universe. Key topics: • Stellar evolution: how stars form, live, and die • Nucleosynthesis: how stars create heavy elements through nuclear fusion • Black holes: regions where gravity is so strong that light cannot escape • Galactic dynamics: how galaxies move and interact • Cosmology: studying the origin and evolution of the universe This field helps us understand our place in the cosmos.",18.2,9.3,76,62,"Organized astrophysics topics clearly and emphasized cosmic perspective.",14
12,English,Digital Literature,"Digital literature represents an emerging form of creative expression that utilizes computational technologies, hypertext structures, and multimedia elements to create interactive reading experiences. These works often incorporate non-linear narratives, reader choice mechanisms, and dynamic content that changes based on user interaction. Digital poetry may include animated text, sound elements, and responsive design that challenges traditional concepts of authorship and fixed textual meaning.","Digital literature uses technology to create new kinds of reading experiences. Key features: • Interactive elements: readers can make choices that change the story • Multimedia: combines text, images, sound, and animation • Non-linear structure: multiple paths through the content • Dynamic content: text that changes based on reader actions This new form challenges traditional ideas about books and reading.",16.8,9.2,69,54,"Organized digital features clearly and explained how it challenges traditional forms.",15
10,Mathematics,Coordinate Geometry,"Coordinate geometry, also known as analytical geometry, combines algebraic methods with geometric principles to study shapes and their properties using coordinate systems. Points are represented by ordered pairs (x, y) in the Cartesian plane, while lines can be described using slope-intercept form y = mx + b or point-slope form y - y₁ = m(x - x₁). Distance and midpoint formulas enable precise calculations of spatial relationships between geometric elements.","Coordinate geometry uses algebra to study shapes on a grid system. Key concepts: • Points: represented as (x, y) coordinates • Lines: described using equations like y = mx + b • Slope: measures how steep a line is • Distance formula: finds exact distances between points • Midpoint formula: finds the center point between two points This connects algebra and geometry to solve problems accurately.",15.9,8.9,71,55,"Simplified coordinate concepts and emphasized the algebra-geometry connection.",16
10,Mathematics,Functions and Relations,"Functions represent special relationships between input and output values where each input corresponds to exactly one output. Relations encompass broader connections between sets of values that may not follow the one-to-one correspondence requirement of functions. The vertical line test determines whether a graph represents a function by checking if any vertical line intersects the graph at more than one point, while domain and range identify the set of possible input and output values respectively.","Functions are special relationships where each input has exactly one output. Key ideas: • Domain: all possible input values • Range: all possible output values • Vertical line test: if a vertical line hits a graph more than once, it's not a function • Relations: broader connections that don't need the one-output rule Functions help us model real-world situations where one thing depends on another.",15.6,9.0,78,59,"Simplified function concepts and explained the vertical line test clearly.",19
10,Mathematics,Basic Statistics,"Statistics involves collecting, organizing, analyzing, and interpreting numerical data to make informed decisions and draw conclusions about populations or phenomena. Descriptive statistics summarize data characteristics through measures including mean (arithmetic average), median (middle value when ordered), mode (most frequently occurring value), range (difference between maximum and minimum), and standard deviation (measure of data spread around the mean).","Statistics helps us understand data to make good decisions. Key measures: • Mean: the average of all values • Median: the middle value when numbers are in order • Mode: the value that appears most often • Range: difference between highest and lowest values • Standard deviation: shows how spread out the data is These tools help us summarize and understand large amounts of information.",15.4,8.8,74,57,"Organized statistical measures clearly and explained their practical value.",17
10,Science,Cell Biology,"Cell biology examines the fundamental units of life, focusing on cellular structure, function, and processes that maintain living organisms. Prokaryotic cells lack membrane-bound organelles and include bacteria and archaea, while eukaryotic cells contain specialized organelles including the nucleus, mitochondria, endoplasmic reticulum, and Golgi apparatus. Cell division through mitosis produces identical diploid cells for growth and repair, while meiosis generates genetically diverse gametes for sexual reproduction.","Cell biology studies the basic units of all living things. Two main cell types: • Prokaryotic: simple cells without internal compartments (bacteria) • Eukaryotic: complex cells with organelles like nucleus, mitochondria Cell division: • Mitosis: makes identical cells for growth and repair • Meiosis: makes sex cells (sperm, eggs) with half the genetic material Understanding cells helps us understand how all life works.",16.1,9.1,81,61,"Organized cell types clearly and simplified division processes.",20
10,Science,Energy and Work,"Energy represents the capacity to do work or cause change, existing in various forms including kinetic energy (energy of motion), potential energy (stored energy due to position), thermal energy (heat), and chemical energy (stored in molecular bonds). Work occurs when a force acts on an object to cause displacement, calculated using the formula W = F × d × cos(θ) where θ represents the angle between force and displacement vectors. The law of conservation of energy states that energy cannot be created or destroyed, only transformed from one form to another.","Energy is the ability to do work or cause change. Main types: • Kinetic energy: energy of moving objects • Potential energy: stored energy (like a ball on a hill) • Thermal energy: heat energy • Chemical energy: stored in bonds between atoms Work happens when a force moves an object: W = F × d × cos(θ). Energy cannot be created or destroyed, only changed from one form to another.",16.7,9.0,89,67,"Organized energy types clearly and simplified the work formula.",22
10,Science,Earth's Systems,"Earth's systems encompass four interconnected spheres that interact continuously to shape our planet's environment: the atmosphere (air), hydrosphere (water), geosphere (rock and soil), and biosphere (living organisms). The water cycle demonstrates system interactions as water evaporates from oceans, condenses in the atmosphere, precipitates as rain or snow, and flows through surface and groundwater systems. Weather patterns result from atmospheric circulation driven by solar energy and Earth's rotation.","Earth has four connected systems that work together: • Atmosphere: the air around Earth • Hydrosphere: all water on Earth (oceans, rivers, lakes) • Geosphere: rocks, soil, and Earth's interior • Biosphere: all living things These systems interact constantly. For example, the water cycle moves water between oceans, air, and land. Weather patterns come from air movement driven by sun energy and Earth's spinning.",16.5,9.2,84,65,"Organized Earth systems clearly and provided concrete examples of interactions.",19
10,English,Sentence Structure,"Sentence structure involves the arrangement of words, phrases, and clauses to create clear and effective communication. Simple sentences contain one independent clause with a subject and predicate, while compound sentences combine two or more independent clauses using coordinating conjunctions or semicolons. Complex sentences include one independent clause and at least one dependent clause, and compound-complex sentences feature multiple independent clauses with one or more dependent clauses.","Sentence structure is how we arrange words to communicate clearly. Four main types: • Simple: one complete thought (subject + verb) • Compound: two complete thoughts joined by 'and,' 'but,' or 'or' • Complex: one main idea plus a dependent part that can't stand alone • Compound-complex: multiple main ideas plus dependent parts Understanding these patterns helps you write clearly and vary your sentences.",15.8,8.9,75,57,"Organized sentence types clearly and explained their practical value.",18
10,English,Reading Strategies,"Effective reading strategies enhance comprehension and retention of written material across various text types and purposes. Pre-reading activities including previewing headings, examining graphics, and activating prior knowledge prepare readers for content engagement. Active reading techniques such as annotation, questioning, summarizing, and making connections between ideas facilitate deeper understanding, while post-reading reflection and discussion consolidate learning and promote critical analysis.","Good reading strategies help you understand and remember what you read. Three stages: • Before reading: preview headings, look at pictures, think about what you know • During reading: take notes, ask questions, summarize main ideas, make connections • After reading: reflect on what you learned, discuss with others These strategies work for any type of reading and help you become a better learner.",16.2,9.1,74,58,"Organized reading process clearly and emphasized universal application.",16
10,English,Vocabulary Development,"Vocabulary development encompasses systematic approaches to expanding word knowledge and improving communication skills through various learning strategies. Context clues within surrounding text provide hints about unfamiliar word meanings, while morphological analysis examines word parts including prefixes, roots, and suffixes to deduce meanings. Wide reading exposure, explicit instruction, and regular practice with new vocabulary in speaking and writing contexts promote long-term retention and accurate usage.","Building vocabulary improves communication skills through several strategies: • Context clues: using surrounding words to figure out meanings • Word parts: understanding prefixes, roots, and suffixes • Wide reading: encountering new words in different contexts • Practice: using new words in speaking and writing • Explicit learning: studying word definitions and examples Strong vocabulary helps with reading comprehension and clear expression.",16.4,9.3,70,53,"Organized vocabulary strategies clearly and explained their benefits.",17
11,Mathematics,Exponential and Logarithmic Models,"Exponential and logarithmic functions model real-world phenomena involving growth and decay processes, including population dynamics, radioactive decay, and compound interest calculations. Exponential growth follows the pattern f(t) = a(1 + r)^t where a represents initial value, r indicates growth rate, and t denotes time. Logarithmic functions serve as inverses of exponential functions and help solve equations where the variable appears in the exponent position.","Exponential and logarithmic functions model growth and decay in real situations. Key applications: • Population growth: f(t) = a(1 + r)^t • Radioactive decay: substances breaking down over time • Compound interest: money growing in investments • pH levels: measuring acidity Logarithms help solve problems where the unknown is in the exponent. These functions appear throughout science and finance.",16.9,9.2,73,57,"Organized applications clearly and explained the relationship between exponentials and logs.",16
11,Mathematics,Parametric Equations,"Parametric equations represent curves by expressing x and y coordinates as separate functions of a third variable called a parameter, typically denoted as t. This approach allows representation of curves that fail the vertical line test and cannot be expressed as single-valued functions of x. Parametric equations prove particularly useful for modeling motion paths, where t often represents time, enabling analysis of both position and velocity components simultaneously.","Parametric equations describe curves using a third variable (parameter) usually called t. Instead of y = f(x), we have: • x = f(t) • y = g(t) Benefits: • Can represent curves that aren't functions • Good for modeling motion where t = time • Shows both position and velocity • Useful for complex curves like circles and loops This method gives more flexibility for describing mathematical relationships.",16.7,9.1,76,58,"Simplified parametric concepts and organized benefits clearly.",18
11,Mathematics,Optimization Problems,"Optimization problems involve finding maximum or minimum values of functions subject to given constraints, representing real-world scenarios where resources must be allocated efficiently. The process typically requires establishing objective functions that express the quantity to be optimized, identifying constraint equations or inequalities that limit possible solutions, and using calculus techniques including derivative analysis to locate critical points where optimization occurs.","Optimization finds the best solution when resources are limited. Common examples: • Maximizing profit with limited materials • Minimizing cost while meeting requirements • Finding shortest distances or travel times Process: • Write an equation for what you want to optimize • Identify constraints (limits on your solution) • Use calculus to find maximum or minimum values These problems appear in business, engineering, and everyday decision-making.",17.1,9.4,68,56,"Provided concrete examples and simplified the optimization process.",12
11,Mathematics,Sequences and Mathematical Induction,"Mathematical sequences represent ordered lists of numbers following specific patterns, while mathematical induction provides a proof technique for statements involving natural numbers. Arithmetic sequences exhibit constant differences between consecutive terms, geometric sequences maintain constant ratios, and recursive sequences define terms based on previous values. Mathematical induction requires proving a base case and demonstrating that if a statement holds for n, it also holds for n+1.","Sequences are ordered number lists that follow patterns. Three main types: • Arithmetic: same difference between terms (2, 5, 8, 11...) • Geometric: same ratio between terms (3, 6, 12, 24...) • Recursive: each term depends on previous terms Mathematical induction proves statements about all natural numbers by: • Proving it works for the first case • Showing if it works for n, it works for n+1",16.8,9.3,74,62,"Organized sequence types with examples and simplified induction steps.",12
11,Science,Waves and Sound,"Wave phenomena encompass the transfer of energy through oscillating disturbances in matter or electromagnetic fields, with sound waves representing mechanical vibrations traveling through media such as air, water, or solids. Wave characteristics include frequency (oscillations per second measured in hertz), wavelength (distance between corresponding points), amplitude (maximum displacement indicating energy), and wave speed determined by the relationship v = fλ. Sound intensity and pitch relate to amplitude and frequency respectively.","Waves transfer energy through oscillating motion. Sound waves are mechanical vibrations that travel through materials. Key wave properties: • Frequency: how many waves per second (measured in hertz) • Wavelength: distance between wave peaks • Amplitude: wave height (determines loudness for sound) • Speed: calculated using v = fλ For sound: amplitude affects loudness, frequency affects pitch (high/low sounds).",17.2,9.1,76,58,"Organized wave properties clearly and connected them to sound characteristics.",18
11,Science,Organic Chemistry Basics,"Organic chemistry focuses on carbon-containing compounds and their unique properties resulting from carbon's ability to form four covalent bonds and create diverse molecular structures. Hydrocarbons represent the simplest organic compounds, including alkanes with single bonds, alkenes with double bonds, and alkynes with triple bonds. Functional groups such as alcohols, aldehydes, ketones, and carboxylic acids determine chemical properties and reactivity patterns of organic molecules.","Organic chemistry studies carbon compounds. Carbon's special ability to form four bonds creates diverse molecules. Main hydrocarbon types: • Alkanes: only single bonds (like methane) • Alkenes: contain double bonds (like ethylene) • Alkynes: contain triple bonds Functional groups determine properties: • Alcohols (-OH): like in ethanol • Aldehydes and ketones (C=O): different arrangements • Carboxylic acids (-COOH): like in vinegar These groups give molecules their specific behaviors.",17.4,9.2,78,62,"Organized hydrocarbon types and functional groups with familiar examples.",16
11,Science,Genetics and DNA,"Genetics studies heredity and variation in living organisms through the molecular mechanisms of DNA, which stores genetic information in sequences of four nucleotide bases: adenine, thymine, guanine, and cytosine. Gene expression involves transcription of DNA into messenger RNA and translation of mRNA into proteins through ribosomal machinery. Mutations represent changes in DNA sequences that can affect protein function and contribute to genetic diversity or disease.","Genetics studies how traits pass from parents to offspring through DNA. DNA basics: • Made of four bases: A, T, G, C • Genes are DNA sections that code for proteins • DNA → RNA → proteins (gene expression) Mutations are changes in DNA that can: • Create genetic diversity • Sometimes cause disease • Drive evolution The genetic code is universal across almost all living things.",17.0,9.0,74,57,"Simplified genetic concepts and organized key processes clearly.",17
11,English,Persuasive Writing Techniques,"Persuasive writing employs various rhetorical strategies to convince readers to accept particular viewpoints or take specific actions. Effective persuasion combines logical appeals through evidence and reasoning (logos), emotional appeals that connect with audience values and feelings (pathos), and credibility appeals that establish author expertise and trustworthiness (ethos). Additional techniques include anticipating counterarguments, using vivid examples and anecdotes, and employing strategic repetition for emphasis.","Persuasive writing convinces readers using different strategies. Three main appeals: • Logos: logical reasoning and evidence • Pathos: emotional connections and values • Ethos: showing you're credible and trustworthy Other techniques: • Address counterarguments: show you understand other views • Use vivid examples: make abstract ideas concrete • Strategic repetition: emphasize key points Strong persuasion combines multiple strategies effectively.",16.5,9.3,70,54,"Organized persuasive appeals clearly and added practical techniques.",16
11,English,Research Skills,"Research skills encompass systematic methods for locating, evaluating, and synthesizing information from diverse sources to support academic and professional projects. Effective research begins with defining clear research questions and identifying appropriate primary and secondary sources. Critical evaluation involves assessing source credibility, currency, relevance, and potential bias, while proper documentation through citations maintains academic integrity and enables reader verification of claims.","Research skills help you find and use information effectively for projects. Key steps: • Define clear questions: know what you're looking for • Find good sources: use primary (original) and secondary sources • Evaluate sources: check if they're credible, current, and relevant • Avoid bias: look for balanced perspectives • Cite properly: give credit to avoid plagiarism Good research supports strong arguments with reliable evidence.",16.8,9.1,72,55,"Organized research process clearly and emphasized evaluation importance.",17
11,English,Literary Devices and Techniques,"Literary devices represent tools authors use to enhance meaning, create emphasis, and engage readers through language manipulation and structural choices. Figurative language includes metaphors (direct comparisons), similes (comparisons using 'like' or 'as'), personification (giving human qualities to non-human things), and symbolism (objects representing abstract ideas). Sound devices such as alliteration, assonance, and rhyme create musical effects, while structural techniques including foreshadowing and irony develop plot complexity.","Literary devices help authors create meaning and engage readers. Figurative language: • Metaphors: direct comparisons ('Life is a journey') • Similes: comparisons using 'like' or 'as' • Personification: giving human traits to things • Symbolism: objects representing ideas Sound devices: alliteration, rhyme, rhythm Structural techniques: foreshadowing, irony, flashbacks These tools make writing more interesting and meaningful.",16.9,9.4,76,56,"Organized device types clearly with concrete examples.",20
12,Mathematics,Multivariable Calculus,"Multivariable calculus extends single-variable concepts to functions of several variables, enabling analysis of complex systems in physics, engineering, and economics. Partial derivatives measure rates of change with respect to one variable while holding others constant, expressed as ∂f/∂x for the partial derivative of f with respect to x. Multiple integrals calculate volumes, surface areas, and other quantities in three-dimensional space through iterated integration processes.","Multivariable calculus works with functions that have several input variables. Key concepts: • Partial derivatives: rate of change with respect to one variable (∂f/∂x) • Multiple integrals: finding volumes and areas in 3D space • Gradient: shows direction of steepest increase • Applications: physics (heat flow), engineering (optimization), economics These tools analyze complex systems with many changing factors.",17.9,9.4,70,55,"Simplified multivariable concepts and mentioned practical applications.",15
12,Mathematics,Linear Algebra,"Linear algebra studies vector spaces, linear transformations, and systems of linear equations through matrix operations and geometric interpretations. Matrices represent linear transformations and system coefficients, with operations including addition, multiplication, and determination of inverse matrices when they exist. Eigenvalues and eigenvectors provide insights into transformation behavior, while vector spaces encompass collections of vectors that satisfy closure properties under addition and scalar multiplication.","Linear algebra studies vectors, matrices, and linear transformations. Key ideas: • Vectors: quantities with direction and magnitude • Matrices: rectangular arrays of numbers that represent transformations • Matrix operations: addition, multiplication, finding inverses • Eigenvalues/eigenvectors: special vectors that don't change direction under transformation Applications: computer graphics, data analysis, engineering, physics.",17.6,9.2,73,57,"Simplified linear algebra concepts and mentioned key applications.",16
12,Mathematics,Complex Numbers,"Complex numbers extend the real number system by introducing the imaginary unit i, defined as √(-1), enabling solutions to equations that have no real solutions. Complex numbers take the form a + bi where a represents the real part and b represents the imaginary part. Operations include addition, subtraction, multiplication, and division following algebraic rules, while geometric representation on the complex plane provides visual interpretation of complex number relationships and operations.","Complex numbers include an imaginary part using i = √(-1). They have the form a + bi where: • a = real part • b = imaginary part (coefficient of i) Operations: • Add/subtract: combine like terms • Multiply: use algebraic rules • Divide: multiply by conjugate Geometric view: plot on complex plane with real and imaginary axes. These numbers solve equations that have no real solutions.",16.8,9.1,78,58,"Simplified complex number concepts and organized operations clearly.",20
12,Science,Advanced Physics Concepts,"Advanced physics explores fundamental principles governing matter, energy, and their interactions at microscopic and macroscopic scales. Quantum mechanics describes particle behavior at atomic scales where classical physics fails, introducing concepts such as wave-particle duality, uncertainty principle, and quantized energy levels. Relativity theory encompasses special relativity addressing high-speed motion and general relativity explaining gravitational effects through spacetime curvature.","Advanced physics studies matter and energy at extreme scales. Two major theories: • Quantum mechanics: behavior of very small particles - Wave-particle duality: particles act like waves and particles - Uncertainty principle: cannot know position and momentum exactly - Quantized energy: energy comes in specific amounts • Relativity: motion at high speeds and strong gravity - Special relativity: time and space change at high speeds - General relativity: gravity curves spacetime",18.3,9.5,76,63,"Organized major physics theories clearly and simplified key concepts.",13
12,Science,Molecular Genetics,"Molecular genetics investigates the structure and function of genes at the molecular level, focusing on DNA replication, transcription, translation, and gene regulation mechanisms. CRISPR-Cas9 technology enables precise genome editing through programmable nucleases that cut DNA at specific sequences, allowing researchers to modify genes for therapeutic and research purposes. Epigenetic modifications including DNA methylation and histone modifications influence gene expression without altering underlying DNA sequences.","Molecular genetics studies genes at the molecular level. Key processes: • DNA replication: copying genetic material • Transcription: making RNA from DNA • Translation: making proteins from RNA • Gene regulation: controlling which genes are active New technologies: • CRISPR: precise gene editing tool • Epigenetics: changes in gene activity without changing DNA sequence These advances help treat diseases and understand how genes work.",17.7,9.3,75,58,"Organized genetic processes and mentioned cutting-edge technologies.",17
12,English,Digital Literature,"Digital literature represents an emerging form of creative expression that utilizes computational technologies, hypertext structures, and multimedia elements to create interactive reading experiences. These works often incorporate non-linear narratives, reader choice mechanisms, and dynamic content that changes based on user interaction. Digital poetry may include animated text, sound elements, and responsive design that challenges traditional concepts of authorship and fixed textual meaning.","Digital literature uses technology to create new kinds of reading experiences. Key features: • Interactive elements: readers can make choices that change the story • Multimedia: combines text, images, sound, and animation • Non-linear structure: multiple paths through the content • Dynamic content: text that changes based on reader actions This new form challenges traditional ideas about books and reading.",16.8,9.2,69,54,"Organized digital features clearly and explained how it challenges traditional forms.",15
10,Mathematics,Algebra Review,"Algebraic manipulation requires systematic application of mathematical properties including the distributive property, associative property, and commutative property to simplify expressions and solve equations. When combining like terms, coefficients of identical variable expressions are added while maintaining the variable portion unchanged. The order of operations, represented by the acronym PEMDAS, dictates the sequence for evaluating complex algebraic expressions.","Algebra uses math rules to work with expressions and equations. Key properties: • Distributive: a(b + c) = ab + ac • Associative: changing grouping doesn't change the result • Commutative: changing order doesn't change the result When combining like terms, add the numbers but keep the variables the same. Use PEMDAS for order of operations.",16.2,9.1,78,59,"Organized properties clearly and simplified technical language.",19
10,Mathematics,Rational Expressions,"Rational expressions represent fractions containing polynomial numerators and denominators, requiring careful attention to domain restrictions where denominators equal zero. Simplification involves factoring both numerator and denominator completely, then canceling common factors while noting any values that make the original denominator zero remain excluded from the domain. Operations with rational expressions follow the same principles as arithmetic fractions.","Rational expressions are fractions with polynomials on top and bottom. Important steps: • Find domain: exclude values that make the bottom zero • Factor completely: break down numerator and denominator • Cancel common factors: simplify the fraction • Keep domain restrictions: excluded values still apply Operations work like regular fractions: find common denominators for adding and subtracting.",17.1,9.3,75,62,"Organized steps clearly and connected to familiar fraction operations.",13
10,Mathematics,Radical Equations,"Radical equations contain variables within radical expressions and require specific solution strategies to eliminate radicals while maintaining equation equivalence. The general approach involves isolating the radical term on one side of the equation, then raising both sides to the appropriate power to eliminate the radical. However, this process may introduce extraneous solutions that satisfy the transformed equation but not the original, necessitating verification of all potential solutions.","Radical equations have variables inside square roots or other radicals. Solution steps: • Isolate the radical: get it alone on one side • Square both sides: eliminates the square root • Solve the resulting equation • Check all answers: some may not work in the original equation Always verify solutions because squaring can create false answers.",16.5,9.0,74,57,"Organized solution steps clearly and emphasized verification importance.",17
10,Mathematics,Systems Applications,"Systems of equations model real-world situations where multiple constraints must be satisfied simultaneously, such as mixture problems, distance-rate-time scenarios, and optimization challenges. Setting up systems requires careful identification of variables, translation of word problems into mathematical equations, and selection of appropriate solution methods including substitution, elimination, or graphical approaches based on the system's characteristics and complexity.","Systems of equations solve real problems with multiple conditions. Common types: • Mixture problems: combining substances with different concentrations • Distance problems: objects moving at different speeds • Age problems: relationships between people's ages • Money problems: coins, tickets, or investments Steps: identify variables, write equations, solve the system, check answers in the original problem.",16.8,9.2,69,62,"Organized problem types clearly and outlined solution process.",7
10,Mathematics,Function Transformations,"Function transformations involve systematic modifications to parent functions that produce predictable changes in their graphs, including vertical and horizontal translations, reflections across axes, and vertical or horizontal stretches and compressions. The general form f(x) = a·g(b(x - h)) + k encodes these transformations, where h and k represent horizontal and vertical shifts, a controls vertical stretching and reflection, and b affects horizontal stretching and reflection.","Function transformations change graphs in predictable ways. The form f(x) = a·g(b(x - h)) + k shows: • h: horizontal shift (left/right) • k: vertical shift (up/down) • a: vertical stretch/compression and reflection • b: horizontal stretch/compression and reflection These changes help us graph new functions from basic parent functions like y = x² or y = |x|.",16.9,9.1,76,59,"Organized transformation parameters clearly and connected to parent functions.",17
10,Science,Chemical Formulas,"Chemical formulas provide symbolic representations of molecular composition, indicating the types and quantities of atoms present in compounds. Empirical formulas show the simplest whole-number ratio of elements, while molecular formulas reveal actual numbers of atoms in molecules. Ionic compounds are represented by formula units showing the electrically neutral combination of cations and anions, with subscripts indicating the number of each ion type required for charge neutrality.","Chemical formulas show what atoms are in compounds and how many of each type. Three main types: • Empirical formulas: simplest ratio of elements • Molecular formulas: actual number of atoms in molecules • Ionic formulas: show positive and negative ions that balance charges Subscripts tell us how many atoms or ions are present.",16.8,9.2,82,57,"Organized formula types clearly and simplified charge balance concept.",25
10,Science,Balancing Equations,"Balancing chemical equations ensures conservation of mass by adjusting coefficients so that the number of atoms of each element remains equal on both reactant and product sides. The process begins with identifying the most complex molecule and systematically adjusting coefficients to balance each element individually. Polyatomic ions that appear unchanged on both sides can be balanced as units rather than individual atoms, simplifying the balancing process.","Balancing chemical equations makes sure atoms are conserved (same number on both sides). Steps: • Start with the most complex molecule • Balance each element one at a time • Use coefficients (numbers in front) to balance • Treat polyatomic ions as units if they don't change • Check that all elements are balanced Remember: you can only change coefficients, not subscripts.",16.7,9.0,73,60,"Organized balancing steps clearly and emphasized key rules.",13
10,Science,Stoichiometry,"Stoichiometry involves quantitative relationships between reactants and products in chemical reactions, using balanced equations as conversion factors to calculate masses, moles, or volumes of substances involved. Mole ratios derived from balanced equations enable proportional calculations, while molar mass serves as a bridge between microscopic particle counts and macroscopic mass measurements. Limiting reactant identification determines theoretical yield calculations in reactions with multiple reactants.","Stoichiometry calculates amounts of substances in chemical reactions using balanced equations. Key concepts: • Mole ratios: from balanced equations (like a recipe) • Molar mass: converts between grams and moles • Limiting reactant: the ingredient that runs out first • Theoretical yield: maximum product possible Steps: balance equation → convert to moles → use mole ratios → convert back to desired units.",17.2,9.3,76,63,"Organized stoichiometry concepts clearly and used cooking analogy.",13
10,Science,Gas Laws,"Gas laws describe mathematical relationships between pressure, volume, temperature, and amount of gas under various conditions, assuming ideal gas behavior. Boyle's law states that pressure and volume are inversely related at constant temperature, while Charles's law demonstrates direct proportionality between volume and temperature at constant pressure. Gay-Lussac's law relates pressure and temperature directly, and the combined gas law integrates these relationships for comprehensive gas behavior analysis.","Gas laws show how pressure, volume, and temperature relate for gases. Main laws: • Boyle's law: pressure and volume are opposite (P₁V₁ = P₂V₂) • Charles's law: volume and temperature increase together (V₁/T₁ = V₂/T₂) • Gay-Lussac's law: pressure and temperature increase together (P₁/T₁ = P₂/T₂) • Combined gas law: uses all three variables These laws help predict gas behavior when conditions change.",17.0,9.1,79,64,"Organized gas laws clearly with equations and practical applications.",15
10,English,Paragraph Structure,"Effective paragraph construction requires a clear topic sentence that introduces the main idea, followed by supporting sentences that develop and elaborate on the central concept through evidence, examples, or analysis. Transitional phrases provide coherent connections between ideas within and between paragraphs, while concluding sentences reinforce the main point and often provide smooth transitions to subsequent paragraphs.","Good paragraphs have a clear structure: • Topic sentence: states the main idea • Supporting sentences: give evidence, examples, or explanations • Transitions: connect ideas smoothly • Concluding sentence: wraps up the main point This structure helps readers follow your ideas easily.",15.9,8.9,65,43,"Organized paragraph elements clearly and explained their purpose.",22
10,English,Thesis Development,"Thesis development involves crafting focused, arguable statements that establish the central claim of an essay and provide direction for subsequent analysis and evidence presentation. Effective thesis statements avoid overly broad generalizations or statements of fact, instead presenting specific, debatable positions that can be supported through textual evidence, logical reasoning, or research findings. The thesis typically appears in the introduction and may be refined throughout the writing process.","Thesis development creates the main argument of your essay. Good thesis statements: • Make a specific, arguable claim • Avoid facts or overly broad statements • Can be supported with evidence • Give direction to your entire essay • Usually appear in the introduction The thesis is your essay's central idea that everything else supports.",16.1,9.0,69,53,"Organized thesis qualities clearly and explained its central role.",16
10,English,Evidence Integration,"Evidence integration involves seamlessly incorporating source material into academic writing through direct quotation, paraphrase, or summary while maintaining the writer's voice and argument coherence. Effective integration requires introducing sources with appropriate signal phrases, providing sufficient context for reader understanding, and following quotations or paraphrases with analysis that explains how the evidence supports the thesis or main argument.","Evidence integration smoothly adds source material to support your arguments. Three ways to use sources: • Direct quotes: exact words in quotation marks • Paraphrase: rewrite ideas in your own words • Summary: briefly state main points Always introduce sources, provide context, and explain how evidence supports your argument.",16.3,9.2,64,48,"Organized integration methods clearly and emphasized analysis importance.",16
10,English,MLA Citation,"MLA citation format provides standardized methods for documenting sources in academic writing, including both in-text citations and Works Cited page entries. In-text citations typically include the author's last name and page number in parentheses, while the Works Cited page provides complete bibliographic information arranged alphabetically by author. Proper citation acknowledges source contributions and enables readers to locate original materials for verification or further research.","MLA citation gives credit to sources and helps readers find them. Two parts: • In-text citations: (Author Page#) in your essay • Works Cited page: complete source information at the end Format varies by source type (book, website, article). Always include author, title, and publication information when available. This prevents plagiarism and shows your research.",15.8,8.8,70,52,"Organized MLA components clearly and explained their purpose.",18
11,Mathematics,Polynomial Inequalities,"Polynomial inequalities require determining intervals where polynomial expressions satisfy greater than, less than, or equality relationships. Solution methods involve finding zeros of the polynomial by factoring or using the quadratic formula, then testing intervals between zeros to determine where the inequality holds true. Sign analysis using number lines helps visualize solution sets, while consideration of multiplicity affects whether zeros are included in solutions.","Polynomial inequalities find where polynomials are positive, negative, or zero. Solution process: • Find zeros by factoring or quadratic formula • Mark zeros on a number line • Test points in each interval • Determine where inequality is satisfied • Write solution using interval notation Pay attention to whether zeros are included (≤, ≥) or not (<, >).",16.7,9.1,71,55,"Organized solution steps clearly and emphasized inclusion/exclusion of zeros.",16
11,Mathematics,Rational Inequalities,"Rational inequalities involve fractions with polynomial numerators and denominators, requiring careful analysis of both zeros and undefined points. The solution process includes finding zeros of the numerator (where the expression equals zero) and zeros of the denominator (where the expression is undefined), then testing intervals between these critical points. Undefined points are never included in solutions, regardless of the inequality symbol used.","Rational inequalities work with fractions containing polynomials. Key steps: • Find zeros of numerator: where expression equals zero • Find zeros of denominator: where expression is undefined • Mark all critical points on number line • Test intervals between critical points • Undefined points are NEVER included in answers Use interval notation to write solutions.",16.9,9.2,68,54,"Organized solution steps and emphasized undefined points exclusion.",14
11,Mathematics,Absolute Value Functions,"Absolute value functions produce V-shaped graphs with vertices at points where the expression inside the absolute value equals zero. The general form f(x) = a|x - h| + k creates transformations including horizontal shifts (h), vertical shifts (k), and vertical stretches or compressions with reflections (a). Solving absolute value equations requires considering both positive and negative cases, while absolute value inequalities involve analyzing intervals based on the critical point.","Absolute value functions create V-shaped graphs. The form f(x) = a|x - h| + k shows: • h: horizontal shift of vertex • k: vertical shift of vertex • a: stretch/compression and reflection (if negative) To solve |x - h| = k: • If k ≥ 0: two solutions x - h = k and x - h = -k • If k < 0: no solution For inequalities, consider intervals around the critical point.",16.4,9.0,76,61,"Organized transformations and solution methods clearly.",15
11,Mathematics,Piecewise Functions,"Piecewise functions consist of different expressions or rules applied to specific intervals of the domain, often representing real-world situations with changing conditions or rates. Graphing piecewise functions requires plotting each piece separately within its designated interval, paying careful attention to endpoint behavior including open or closed circles. Evaluating piecewise functions involves determining which piece applies based on the input value's interval.","Piecewise functions use different rules for different parts of the domain. Key features: • Different expressions for different x-intervals • Endpoints may be included (closed circle) or excluded (open circle) • Often model real situations with changing rates To evaluate: determine which interval your x-value falls in, then use that piece's rule.",15.7,8.9,68,51,"Simplified piecewise concepts and emphasized evaluation process.",17
11,Science,Organic Nomenclature,"Organic nomenclature follows systematic rules established by the International Union of Pure and Applied Chemistry (IUPAC) for naming carbon-containing compounds based on their structural features. The naming process involves identifying the longest carbon chain, numbering carbons to give substituents the lowest possible numbers, and applying appropriate prefixes, suffixes, and numerical locants. Functional groups receive priority in determining the principal chain and suffix, while other groups become substituents with appropriate prefixes.","Organic nomenclature names carbon compounds using IUPAC rules. Naming steps: • Find the longest carbon chain (parent name) • Number carbons to give substituents lowest numbers • Identify functional groups (determines suffix) • Name substituents with prefixes • Put parts together: substituents + parent + suffix Example: 2-methylbutane has a 4-carbon chain with a methyl group on carbon 2.",17.3,9.3,78,62,"Organized naming steps clearly and provided concrete example.",16
11,Science,Reaction Mechanisms,"Reaction mechanisms describe the step-by-step molecular processes by which chemical reactions occur, including the formation and consumption of intermediate species. Elementary steps involve molecular collisions and bond-breaking/forming events, while the rate-determining step controls overall reaction kinetics. Understanding mechanisms helps predict reaction products, explain stereochemistry outcomes, and design synthetic strategies for complex molecule preparation.","Reaction mechanisms show how chemical reactions happen step-by-step at the molecular level. Key concepts: • Elementary steps: individual molecular events • Intermediates: temporary species formed and consumed • Rate-determining step: slowest step that controls overall rate • Transition states: high-energy points between steps Understanding mechanisms helps predict products and design better reactions.",17.1,9.2,71,56,"Organized mechanism concepts clearly and explained their importance.",15
11,Science,Electrochemistry,"Electrochemistry studies chemical reactions involving electron transfer between species, encompassing both galvanic cells that generate electrical energy from spontaneous reactions and electrolytic cells that use electrical energy to drive non-spontaneous reactions. Standard electrode potentials quantify the tendency of half-reactions to occur, while the Nernst equation relates cell potential to concentration under non-standard conditions. Applications include batteries, fuel cells, and electroplating processes.","Electrochemistry studies reactions involving electron transfer. Two main types: • Galvanic cells: spontaneous reactions that produce electricity (batteries) • Electrolytic cells: use electricity to force non-spontaneous reactions Key concepts: • Standard electrode potentials: measure tendency to gain/lose electrons • Nernst equation: adjusts for non-standard conditions • Applications: batteries, fuel cells, electroplating",17.4,9.4,74,56,"Organized cell types clearly and mentioned practical applications.",18
11,English,Argumentative Structure,"Argumentative essays require logical organization that presents claims systematically, supports them with credible evidence, and addresses potential counterarguments to strengthen overall persuasiveness. The classical structure includes an engaging introduction with a clear thesis, body paragraphs that develop individual supporting points, acknowledgment and refutation of opposing viewpoints, and a conclusion that reinforces the central argument while considering broader implications.","Argumentative essays need clear organization to persuade readers effectively. Standard structure: • Introduction: hook readers and state your thesis • Body paragraphs: one main point per paragraph with evidence • Counterargument section: address opposing views and explain why yours is stronger • Conclusion: reinforce your argument and discuss broader significance Strong arguments use credible evidence and logical reasoning.",16.5,9.1,74,58,"Organized essay structure clearly and emphasized persuasive elements.",16
11,English,Counterargument,"Counterargument acknowledgment demonstrates intellectual honesty and strengthens argumentative writing by addressing opposing viewpoints before refuting them with superior evidence or reasoning. Effective counterargument sections fairly represent opposing positions without creating straw man fallacies, then systematically dismantle these positions through logical analysis, contradictory evidence, or demonstration of flawed assumptions underlying the opposition's claims.","Counterarguments address opposing views to strengthen your argument. Effective approach: • Fairly represent the opposing view (avoid straw man fallacies) • Acknowledge any valid points • Explain why your position is still stronger • Use evidence or logic to refute their claims This shows you understand the issue completely and makes your argument more convincing.",16.8,9.3,67,53,"Organized counterargument approach clearly and explained its persuasive value.",14
11,English,Rhetorical Appeals,"Rhetorical appeals represent the three fundamental persuasive strategies identified by Aristotle: ethos (credibility and character), pathos (emotional connection), and logos (logical reasoning and evidence). Effective persuasive communication strategically combines these appeals based on audience analysis, with ethos establishing trustworthiness, pathos creating emotional investment, and logos providing rational justification. The relative emphasis on each appeal depends on the rhetorical situation and intended audience.","Rhetorical appeals are three ways to persuade audiences (from Aristotle): • Ethos: show you're credible and trustworthy • Pathos: connect with emotions and values • Logos: use logical reasoning and evidence Effective persuasion combines all three based on your audience. For example, scientific writing emphasizes logos, while charity appeals use more pathos.",16.7,9.2,79,59,"Organized appeals clearly and provided audience-specific examples.",20
12,Mathematics,Limits at Infinity,"Limits at infinity examine function behavior as input values approach positive or negative infinity, often revealing horizontal asymptotes or unbounded growth patterns. Evaluation techniques include dividing polynomial expressions by the highest power term to identify dominant behavior, applying L'Hôpital's rule for indeterminate forms, and recognizing standard limit patterns such as exponential growth dominating polynomial growth. These concepts prove essential for understanding function end behavior and asymptotic analysis.","Limits at infinity show what happens to functions as x gets very large (positive or negative). Key techniques: • For polynomials: divide by highest power term • Horizontal asymptotes: y = leading coefficient ratio • Exponential beats polynomial: e^x grows faster than x^n • L'Hôpital's rule: for indeterminate forms like ∞/∞ These limits help understand long-term function behavior.",17.6,9.3,78,60,"Organized evaluation techniques clearly and explained practical significance.",18
12,Mathematics,Continuity and Discontinuity,"Continuity analysis determines where functions maintain unbroken behavior and identifies points of discontinuity that interrupt smooth function progression. A function is continuous at a point if the limit equals the function value at that point, requiring three conditions: the function is defined, the limit exists, and they are equal. Types of discontinuities include removable (holes), jump discontinuities (breaks), and infinite discontinuities (vertical asymptotes).","Continuity means a function has no breaks or jumps. For continuity at a point: • Function must be defined there • Limit must exist • Function value must equal the limit Types of discontinuities: • Removable: holes that can be 'filled' • Jump: function jumps to different value • Infinite: vertical asymptotes Understanding continuity helps analyze function behavior.",17.2,9.1,71,55,"Organized continuity conditions and discontinuity types clearly.",16
11,Science,Gravitational Forces,"Gravitational forces represent attractive interactions between masses described by Newton's universal law of gravitation: F = Gm₁m₂/r², where G is the gravitational constant. This inverse square relationship explains planetary motion, tidal effects, and orbital mechanics. Gravitational field strength equals acceleration due to gravity (g = GM/r²) and varies with distance from massive objects. Escape velocity represents the minimum speed needed for objects to overcome gravitational attraction completely.","Gravitational forces attract masses according to Newton's law: F = Gm₁m₂/r². Key points: • Force depends on both masses and distance squared • Universal constant G applies everywhere • Field strength g = GM/r² (varies with distance) • Escape velocity: minimum speed to escape gravity Applications: planetary orbits, satellite motion, tides, why we stay on Earth. Gravity gets weaker with distance but never disappears completely.",17.0,9.1,77,59,"Organized gravitational concepts clearly and mentioned practical applications.",18
11,Science,Electric Fields,"Electric fields represent regions around charged objects where electric forces would act on test charges, quantified by the relationship E = F/q where E is field strength, F is force, and q is test charge magnitude. Field lines visualize electric field direction and strength, originating from positive charges and terminating on negative charges. Electric potential energy and electric potential (voltage) describe energy relationships in electric fields, with work required to move charges against field direction.","Electric fields exist around charged objects and exert forces on other charges. Key concepts: • Field strength: E = F/q (force per unit charge) • Field lines: show direction and strength (closer lines = stronger field) • Positive charges: field lines point outward • Negative charges: field lines point inward • Electric potential: energy per unit charge (voltage) Used in electronics, lightning rods, and many technologies.",16.9,9.2,78,60,"Organized electric field concepts clearly and mentioned technological applications.",18
11,Science,Magnetic Fields,"Magnetic fields surround magnetic objects and moving charges, exerting forces on other magnets and current-carrying conductors according to the relationship F = BIL sin(θ) for straight conductors. Magnetic field lines form closed loops, emerging from north poles and entering south poles, never intersecting each other. The right-hand rule determines force directions on moving charges and current-carrying wires, while electromagnetic induction generates electric fields through changing magnetic fields.","Magnetic fields surround magnets and moving electric charges. Key relationships: • Force on current: F = BIL sin(θ) • Field lines: closed loops from north to south poles • Right-hand rule: determines force directions • Electromagnetic induction: changing magnetic fields create electric fields Applications: electric motors, generators, MRI machines, computer hard drives. Moving charges create magnetic fields, and magnetic fields affect moving charges.",17.1,9.3,75,58,"Organized magnetic concepts clearly and provided technological examples.",17
11,English,Literary Movements,"Literary movements represent periods characterized by shared philosophical approaches, stylistic techniques, and thematic concerns among groups of writers responding to historical, social, and cultural conditions. Romanticism emphasized emotion, nature, and individualism in reaction to Enlightenment rationalism, while Realism focused on accurate depiction of everyday life and social conditions. Modernism broke from traditional forms to reflect the fragmentation and uncertainty of the early twentieth century.","Literary movements are periods when writers shared similar styles and themes in response to their times. Major movements: • Romanticism: emphasized emotion, nature, individualism • Realism: focused on everyday life and social conditions • Modernism: broke traditional forms, reflected uncertainty • Postmodernism: questioned truth and reality These movements help us understand how literature reflects and responds to historical changes.",16.7,9.4,74,56,"Organized major movements clearly and explained their historical context.",18
11,English,Historical Context,"Historical context encompasses the social, political, economic, and cultural circumstances surrounding a literary work's creation and publication, significantly influencing authors' perspectives, themes, and artistic choices. Understanding historical context requires examining prevailing social attitudes, major events, technological developments, and intellectual movements that shaped the period. This analysis reveals how literature both reflects and responds to its historical moment while potentially transcending temporal boundaries through universal themes.","Historical context includes the social, political, and cultural conditions when a work was written. It affects: • Author's perspectives and experiences • Available themes and topics • Social attitudes and values • Technological influences Understanding context helps explain: • Why certain themes appear • How contemporary readers understood the work • What social issues the author addressed • How the work reflected or challenged its time period",16.8,9.3,77,58,"Organized contextual factors clearly and explained their analytical importance.",19
11,English,Symbolism Analysis,"Symbolism analysis involves identifying objects, characters, settings, or actions that represent abstract ideas or concepts beyond their literal meaning within literary works. Effective symbols resonate with universal human experiences while serving specific functions within the narrative context, often developing and deepening in meaning throughout the text. Symbols differ from allegories in that they maintain their literal significance while simultaneously suggesting deeper meanings, creating multiple layers of interpretation.","Symbolism analysis finds objects or actions that represent deeper meanings beyond their literal sense. Effective symbols: • Connect to universal human experiences • Develop meaning throughout the text • Work on both literal and symbolic levels • Serve specific narrative purposes Examples: white whale (obsession), green light (hope), seasons (life cycles). Symbols create multiple layers of meaning and invite different interpretations.",16.5,9.2,73,56,"Organized symbol characteristics clearly and provided concrete examples.",17
11,English,Irony Types,"Irony encompasses discrepancies between expectation and reality, appearance and truth, or intended and actual meaning, creating complex layers of meaning in literature. Verbal irony involves saying one thing while meaning another, often for sarcastic or humorous effect. Situational irony occurs when outcomes contradict expectations, while dramatic irony exists when readers possess knowledge that characters lack, creating tension and engagement through superior understanding of circumstances.","Irony shows differences between what's expected and what actually happens. Three main types: • Verbal irony: saying one thing, meaning another (often sarcasm) • Situational irony: unexpected outcomes (fire station burns down) • Dramatic irony: readers know more than characters Irony creates: • Humor or tension • Deeper meaning • Reader engagement • Criticism of society or human nature",16.4,9.1,75,57,"Organized irony types clearly and explained their literary effects.",18
12,Mathematics,Derivative Applications,"Derivative applications extend beyond basic rate calculations to include optimization problems, related rates, and curve analysis through first and second derivative tests. Optimization involves finding maximum and minimum values of functions representing real-world quantities such as profit, cost, or efficiency. Related rates problems examine how rates of change in different variables connect through their functional relationships, while curve analysis uses derivatives to determine intervals of increase, decrease, concavity, and inflection points.","Derivative applications solve real-world problems using rates of change. Main applications: • Optimization: finding maximum/minimum values (profit, cost, efficiency) • Related rates: how changing variables affect each other • Curve analysis: increasing/decreasing intervals, concavity, inflection points • Motion problems: velocity and acceleration from position Steps: set up function, find derivative, solve for critical points, test to identify max/min.",17.4,9.3,81,65,"Organized applications clearly and outlined general solution process.",16
12,Mathematics,Related Rates,"Related rates problems involve finding unknown rates of change by utilizing known rates and the relationships between variables expressed through functions. The solution process requires identifying all variables, establishing equations that relate these variables, differentiating implicitly with respect to time, and substituting known values to solve for the desired rate. Common scenarios include geometric situations with changing dimensions, fluid flow problems, and motion applications.","Related rates find unknown rates of change using known rates and variable relationships. Solution steps: • Identify all variables and what's changing • Write equation relating the variables • Differentiate both sides with respect to time • Substitute known values • Solve for the unknown rate Common examples: balloon expanding, ladder sliding, water filling tanks. The key is setting up the relationship equation correctly.",17.2,9.2,74,58,"Organized solution steps clearly and provided common example scenarios.",16
12,Mathematics,Integration by Substitution,"Integration by substitution represents the reverse of the chain rule for derivatives, enabling evaluation of complex integrals by introducing new variables that simplify the integrand. The technique involves identifying an inner function whose derivative appears elsewhere in the integrand, substituting u for this function, replacing dx with du through differentiation, and evaluating the resulting simpler integral. Successful substitution requires recognizing patterns and often involves adjusting constants to match the derivative relationship.","Integration by substitution simplifies complex integrals by changing variables (reverse of chain rule). Steps: • Identify inner function u and its derivative • Substitute u for the inner function • Replace dx with du (from du/dx) • Solve the simpler integral • Substitute back to original variable Key: look for function and its derivative appearing together. Practice recognizing common patterns like ∫f'(x)[f(x)]ⁿ dx.",17.0,9.1,75,59,"Organized substitution steps clearly and emphasized pattern recognition.",16
12,Mathematics,Integration by Parts,"Integration by parts applies the product rule in reverse to evaluate integrals of products of functions, following the formula ∫u dv = uv - ∫v du. Success depends on strategic choice of u and dv to create a simpler integral in the ∫v du term. The LIATE acronym (Logarithmic, Inverse trigonometric, Algebraic, Trigonometric, Exponential) provides guidance for selecting u, with functions higher on the list typically chosen as u.","Integration by parts handles products of functions using ∫u dv = uv - ∫v du. Strategy for choosing u and dv: • Use LIATE: Logarithmic, Inverse trig, Algebraic, Trigonometric, Exponential • Choose u from higher on LIATE list • Choose dv as remaining factor • Goal: make ∫v du simpler than original Sometimes requires multiple applications or leads back to original integral (algebraic manipulation needed).",16.8,9.3,73,58,"Organized strategy clearly using LIATE acronym and explained goals.",15
12,Mathematics,Differential Equations,"Differential equations involve functions and their derivatives, representing relationships between rates of change and the quantities themselves. Separable differential equations can be solved by algebraically separating variables and integrating both sides independently. Applications include population growth models, radioactive decay, cooling problems, and motion with resistance, where the differential equation describes how the system changes over time.","Differential equations relate functions to their derivatives, describing how quantities change. Basic type - separable equations: • Separate variables: get all y terms on one side, x terms on other • Integrate both sides • Solve for y (may need initial conditions) Applications: • Population growth: dy/dt = ky • Radioactive decay: dy/dt = -ky • Cooling: dT/dt = k(T - ambient) These model real-world changing systems.",17.1,9.4,72,57,"Organized solution method clearly and provided concrete application examples.",15
12,Science,Protein Structure,"Protein structure exists at four hierarchical levels: primary structure (amino acid sequence), secondary structure (local folding patterns including α-helices and β-sheets), tertiary structure (overall three-dimensional shape), and quaternary structure (multiple polypeptide associations). Structure determines function through specific binding sites, catalytic centers, and conformational changes. Protein folding follows thermodynamic principles, with native structures representing energy minima stabilized by various intermolecular forces.","Protein structure has four levels that determine function: • Primary: sequence of amino acids • Secondary: local patterns (α-helices, β-sheets) • Tertiary: overall 3D shape • Quaternary: multiple protein units together Structure determines function through: • Specific binding sites • Catalytic active sites • Shape changes that enable function Proteins fold to minimize energy, stabilized by hydrogen bonds, ionic interactions, and hydrophobic effects.",17.6,9.4,78,61,"Organized structural levels clearly and explained structure-function relationship.",17
12,Science,Enzyme Kinetics,"Enzyme kinetics quantifies the rates of enzyme-catalyzed reactions and the factors affecting enzymatic activity, including substrate concentration, temperature, pH, and inhibitor presence. The Michaelis-Menten equation describes the relationship between reaction rate and substrate concentration: v = (Vmax[S])/(Km + [S]), where Vmax represents maximum velocity and Km indicates substrate concentration at half-maximum velocity. Competitive and non-competitive inhibition demonstrate different mechanisms of enzyme regulation.","Enzyme kinetics studies how fast enzymes work and what affects their activity. Key equation: v = (Vmax[S])/(Km + [S]) • Vmax: maximum reaction rate • Km: substrate concentration at half-maximum rate • Lower Km = higher enzyme affinity Factors affecting enzyme activity: • Substrate concentration • Temperature • pH • Inhibitors (competitive vs. non-competitive) Understanding kinetics helps design drugs and optimize biochemical processes.",17.8,9.3,79,62,"Simplified kinetics equation and organized affecting factors clearly.",17
12,Science,Metabolic Pathways,"Metabolic pathways represent interconnected sequences of enzyme-catalyzed reactions that convert substrates into products while managing cellular energy requirements. Glycolysis breaks down glucose to pyruvate, generating ATP and NADH in the cytoplasm, while the citric acid cycle oxidizes acetyl-CoA to CO2 and H2O in mitochondria. The electron transport chain couples electron transfer to ATP synthesis through chemiosmosis, with oxygen serving as the final electron acceptor in aerobic respiration.","Metabolic pathways are connected enzyme reactions that manage cellular energy. Three main stages of cellular respiration: • Glycolysis: glucose → pyruvate (in cytoplasm, makes some ATP) • Citric acid cycle: pyruvate → CO2 (in mitochondria, makes NADH) • Electron transport: NADH → ATP (most ATP made here) Overall: glucose + oxygen → CO2 + water + lots of ATP. These pathways extract energy from food to power cellular processes.",18.0,9.5,81,63,"Organized metabolic stages clearly and explained overall energy extraction.",18
12,Science,Cell Signaling,"Cell signaling involves complex communication networks through which cells detect, process, and respond to environmental stimuli and coordinate multicellular activities. Signal transduction pathways typically include signal reception by specific receptor proteins, signal transduction through intracellular cascades involving second messengers and protein modifications, and cellular responses including gene expression changes or metabolic adjustments. Disruption of signaling pathways contributes to various diseases including cancer and diabetes.","Cell signaling lets cells communicate and coordinate their activities. Three main steps: • Reception: signal molecule binds to specific receptor • Transduction: signal is passed through the cell via cascades • Response: cell changes behavior (gene expression, metabolism, etc.) Examples: • Hormones like insulin signaling cells to take up glucose • Growth factors telling cells to divide • Neurotransmitters enabling brain communication When signaling goes wrong, diseases like cancer and diabetes can result.",17.7,9.4,79,62,"Organized signaling steps clearly and provided relevant disease examples.",17
12,Science,Gene Regulation,"Gene regulation controls when and how genes are expressed, enabling cells to respond to environmental changes and maintain specialized functions despite containing identical DNA. Transcriptional control involves promoters, enhancers, and transcription factors that influence RNA polymerase binding and activity. Post-transcriptional mechanisms include alternative splicing, microRNA regulation, and mRNA stability control, while epigenetic modifications like DNA methylation and histone modifications create heritable changes without altering DNA sequence.","Gene regulation controls which genes are active when, allowing cells to specialize and respond to changes. Main levels of control: • Transcriptional: promoters, enhancers, transcription factors control RNA making • Post-transcriptional: alternative splicing, microRNAs modify RNA • Epigenetic: DNA methylation, histone modifications (heritable but don't change DNA sequence) This allows: • Different cell types (all have same DNA but different active genes) • Response to environment • Development from embryo to adult",17.9,9.5,85,67,"Organized regulation levels clearly and explained biological significance.",18
12,English,Research Methodology,"Research methodology encompasses systematic approaches to investigating topics through primary and secondary source analysis, critical evaluation of evidence, and synthesis of findings to support academic arguments. Effective research requires developing focused research questions, identifying appropriate databases and resources, evaluating source credibility and bias, and organizing information to support thesis development. Documentation practices including proper citation and bibliography construction maintain academic integrity while enabling verification and further research.","Research methodology provides systematic approaches to investigating topics and building arguments. Key steps: • Develop focused research questions • Find appropriate sources (primary and secondary) • Evaluate source credibility and potential bias • Organize information to support your thesis • Document sources properly to maintain academic integrity Skills needed: • Database searching • Source evaluation • Note-taking and organization • Proper citation (MLA, APA, Chicago) Good research forms the foundation of strong academic writing.",16.9,9.2,78,61,"Organized research steps clearly and emphasized academic integrity importance.",17
12,English,Academic Discourse,"Academic discourse refers to the specialized language, conventions, and communication patterns used in scholarly communities to share knowledge and engage in intellectual debate. Characteristics include formal register, precise terminology, logical organization, evidence-based arguments, and adherence to disciplinary conventions. Academic writing demonstrates critical thinking through analysis, synthesis, and evaluation of sources while maintaining objectivity and acknowledging multiple perspectives on complex issues.","Academic discourse is the formal way scholars communicate in their fields. Key features: • Formal language and precise terminology • Logical organization and clear structure • Evidence-based arguments with proper citations • Objective tone (avoiding personal bias) • Acknowledgment of multiple perspectives • Critical analysis and synthesis of sources Academic writing shows: • Deep understanding of the topic • Ability to think critically • Respect for scholarly conversation • Original insights based on research",16.8,9.3,74,57,"Organized academic discourse features clearly and explained critical thinking demonstration.",17
12,English,Critical Analysis,"Critical analysis involves systematic examination and evaluation of texts, ideas, or arguments to understand their meanings, assess their validity, and explore their implications. This process requires identifying assumptions, evaluating evidence quality, recognizing logical fallacies, and considering alternative interpretations or counterarguments. Effective critical analysis demonstrates intellectual independence through thoughtful questioning, careful reasoning, and well-supported conclusions that advance understanding of complex issues.","Critical analysis examines and evaluates texts, ideas, or arguments systematically. Key skills: • Identify underlying assumptions • Evaluate evidence quality and relevance • Recognize logical fallacies and weak reasoning • Consider alternative interpretations • Develop well-supported conclusions Process: • Understand the main argument • Question assumptions and evidence • Look for strengths and weaknesses • Consider context and bias • Form your own reasoned judgment Critical analysis shows independent thinking and intellectual maturity.",16.7,9.4,71,55,"Organized analysis skills and process clearly, emphasized independent thinking.",16
10,Mathematics,Systems of Equations,"Systems of linear equations consist of multiple equations with multiple variables that must be solved simultaneously to find values satisfying all equations. Common solution methods include substitution (solving one equation for a variable and substituting into others), elimination (adding or subtracting equations to eliminate variables), and graphical methods (finding intersection points). Real-world applications include mixture problems, age problems, and geometric relationships where multiple constraints must be satisfied.","Systems of equations have multiple equations with multiple variables that we solve together. Three main solution methods: • Substitution: solve for one variable, substitute into other equations • Elimination: add/subtract equations to cancel variables • Graphing: find where lines intersect Real applications: • Mixture problems (combining solutions) • Distance/rate/time problems • Business problems (cost, profit, revenue) The solution must work in ALL equations.",15.8,9.0,78,58,"Organized solution methods clearly and provided practical applications.",20
10,Mathematics,Exponential Functions,"Exponential functions feature variables in the exponent position and model phenomena involving constant percentage growth or decay rates. The general form f(x) = ab^x includes base b determining growth (b > 1) or decay (0 < b < 1) behavior, while the initial value a represents the y-intercept. Applications include population growth, radioactive decay, compound interest, and bacterial growth, where the rate of change is proportional to the current amount.","Exponential functions have variables in the exponent: f(x) = ab^x. Key features: • Base b determines behavior: if b > 1 (growth), if 0 < b < 1 (decay) • Initial value a is the y-intercept • Growth/decay rate is constant percentage Common applications: • Population growth • Radioactive decay • Compound interest • Bacterial growth The key pattern: rate of change depends on current amount.",16.2,9.1,75,56,"Organized function features clearly and provided concrete applications.",19
10,Science,Chemical Bonding,"Chemical bonding occurs when atoms combine to form compounds through electron sharing or transfer, driven by the tendency to achieve stable electron configurations. Ionic bonds form between metals and nonmetals through electron transfer, creating charged ions held together by electrostatic attraction. Covalent bonds involve electron sharing between nonmetals, while metallic bonding results from delocalized electrons in metal structures. Bond polarity depends on electronegativity differences between atoms.","Chemical bonding happens when atoms combine to form compounds by sharing or transferring electrons. Three main types: • Ionic bonds: metal gives electrons to nonmetal (charged ions attract) • Covalent bonds: nonmetals share electrons • Metallic bonds: electrons move freely among metal atoms Bond polarity: • Nonpolar: electrons shared equally • Polar: electrons pulled toward more electronegative atom These bonds determine compound properties.",16.4,9.2,74,58,"Organized bond types clearly and explained polarity concept.",16
10,Science,Acids and Bases,"Acids and bases represent complementary classes of compounds with characteristic properties and reactions. According to the Brønsted-Lowry definition, acids are proton (H+) donors while bases are proton acceptors. The pH scale quantifies acidity and basicity from 0-14, with 7 representing neutrality, values below 7 indicating acidity, and values above 7 indicating basicity. Neutralization reactions between acids and bases produce salts and water.","Acids and bases are compounds with opposite properties. Brønsted-Lowry definitions: • Acids: donate protons (H+) • Bases: accept protons (H+) pH scale (0-14): • pH < 7: acidic • pH = 7: neutral • pH > 7: basic Neutralization reaction: acid + base → salt + water Examples: HCl + NaOH → NaCl + H2O. Strong acids/bases ionize completely, weak ones partially.",16.1,9.0,71,54,"Organized acid-base concepts clearly and provided neutralization example.",17
10,Science,Ecology and Food Webs,"Ecology studies interactions between organisms and their environment, including energy flow through ecosystems via food chains and food webs. Primary producers (plants) convert solar energy into chemical energy through photosynthesis, supporting primary consumers (herbivores), secondary consumers (carnivores), and decomposers. Energy transfer between trophic levels follows the 10% rule, with most energy lost as heat. Biogeochemical cycles recycle essential nutrients including carbon, nitrogen, and phosphorus through ecosystems.","Ecology studies how organisms interact with each other and their environment. Energy flow through ecosystems: • Producers: plants make energy from sunlight • Primary consumers: herbivores eat plants • Secondary consumers: carnivores eat herbivores • Decomposers: break down dead material 10% rule: only 10% of energy transfers between levels (rest lost as heat). Nutrient cycles: carbon, nitrogen, phosphorus cycle through living and non-living parts.",16.6,9.1,79,62,"Organized ecosystem components clearly and explained energy transfer rule.",17
10,English,Writing Process,"The writing process involves multiple stages including prewriting, drafting, revising, editing, and publishing, each serving specific functions in developing effective written communication. Prewriting activities such as brainstorming, outlining, and research help generate and organize ideas. Drafting focuses on getting ideas down without worrying about perfection, while revising addresses content, organization, and development. Editing concentrates on grammar, mechanics, and style refinement.","The writing process has five main stages that help create effective writing: • Prewriting: brainstorm ideas, research, outline • Drafting: write first version, focus on ideas not perfection • Revising: improve content, organization, development • Editing: fix grammar, punctuation, style • Publishing: share final version Remember: writing is recursive (you can go back to earlier stages). Don't try to do everything at once - each stage has its purpose.",15.7,8.9,73,57,"Organized writing stages clearly and emphasized recursive nature.",16
10,English,Literary Elements,"Literary elements are fundamental components that authors use to construct narratives and convey meaning, including plot, character, setting, theme, point of view, style, and tone. Plot encompasses the sequence of events including exposition, rising action, climax, falling action, and resolution. Character development reveals personality through direct and indirect characterization, while setting establishes time, place, and atmosphere. Theme represents the underlying message or central idea.","Literary elements are the building blocks of stories that authors use to create meaning: • Plot: sequence of events (exposition, rising action, climax, falling action, resolution) • Character: people in the story (revealed through actions, words, thoughts) • Setting: time, place, and atmosphere • Theme: central message or idea • Point of view: who tells the story • Style: author's way of writing • Tone: author's attitude Understanding these elements helps analyze any literary work.",16.0,9.0,80,64,"Organized literary elements clearly and explained their analytical importance.",16
11,Mathematics,Complex Numbers,"Complex numbers extend the real number system by including the imaginary unit i, where i² = -1, enabling solutions to equations that have no real solutions. Complex numbers have the form a + bi, with a representing the real part and b representing the imaginary coefficient. Operations follow algebraic rules with special attention to powers of i, while the complex plane provides geometric representation with the horizontal axis representing real parts and vertical axis representing imaginary parts.","Complex numbers include imaginary parts using i where i² = -1. Form: a + bi • a = real part • b = imaginary part (coefficient of i) Key operations: • Addition/subtraction: combine like terms • Multiplication: use distributive property, remember i² = -1 • Powers of i: i¹ = i, i² = -1, i³ = -i, i⁴ = 1 (pattern repeats) Complex plane: plot like coordinates with real on x-axis, imaginary on y-axis.",16.5,9.1,78,58,"Organized complex number concepts and operations clearly.",20
11,Mathematics,Matrices,"Matrices are rectangular arrays of numbers organized in rows and columns, serving as tools for solving systems of equations, representing transformations, and organizing data. Matrix operations include addition and subtraction (for same-sized matrices), scalar multiplication, and matrix multiplication following specific rules where the number of columns in the first matrix must equal the number of rows in the second. Applications include computer graphics, cryptography, and economic modeling.","Matrices are rectangular grids of numbers arranged in rows and columns. Basic operations: • Addition/subtraction: matrices must be same size, add/subtract corresponding elements • Scalar multiplication: multiply every element by the number • Matrix multiplication: special rules about dimensions Matrix applications: • Solving systems of equations • Computer graphics transformations • Data organization • Cryptography and coding Remember: order matters in matrix multiplication (AB ≠ BA usually).",16.7,9.2,72,56,"Organized matrix operations and applications clearly.",16
11,Science,Waves and Interference,"Wave interference occurs when two or more waves occupy the same space simultaneously, resulting in constructive interference (amplitude addition) or destructive interference (amplitude cancellation). The principle of superposition governs wave interactions, while standing waves form when waves of equal frequency and amplitude travel in opposite directions. Diffraction demonstrates wave bending around obstacles, and the Doppler effect describes frequency changes due to relative motion between wave sources and observers.","Wave interference happens when waves meet in the same space. Two types: • Constructive interference: waves add together (louder sound, brighter light) • Destructive interference: waves cancel out (quieter or no sound) Key wave phenomena: • Standing waves: waves traveling in opposite directions create stationary patterns • Diffraction: waves bend around obstacles • Doppler effect: frequency changes when source or observer moves Examples: noise-canceling headphones use destructive interference.",17.3,9.3,76,58,"Organized interference types and wave phenomena clearly with practical example.",18
11,Science,Chemical Equilibrium,"Chemical equilibrium represents a dynamic state where forward and reverse reaction rates are equal, resulting in constant concentrations of reactants and products over time. Le Chatelier's principle predicts how equilibrium shifts respond to changes in concentration, temperature, or pressure. The equilibrium constant K expresses the ratio of products to reactants at equilibrium, with large K values indicating product-favored reactions and small K values indicating reactant-favored reactions.","Chemical equilibrium occurs when forward and reverse reactions happen at equal rates, keeping concentrations constant. Key concepts: • Dynamic equilibrium: reactions continue but concentrations don't change • Le Chatelier's principle: system responds to stress by shifting to relieve it • Equilibrium constant K: ratio of products to reactants • Large K: products favored • Small K: reactants favored Factors affecting equilibrium: concentration changes, temperature changes, pressure changes (for gases).",17.0,9.4,74,58,"Organized equilibrium concepts clearly and explained Le Chatelier's principle.",16
11,English,Rhetorical Strategies,"Rhetorical strategies encompass techniques writers and speakers use to persuade, inform, or engage audiences effectively. Classical rhetoric identifies three primary appeals: ethos (credibility and character), pathos (emotional connection), and logos (logical reasoning). Additional strategies include repetition for emphasis, rhetorical questions to engage readers, analogies to clarify complex ideas, and counterargument acknowledgment to demonstrate fair consideration of opposing views.","Rhetorical strategies are techniques to persuade and engage audiences effectively. Three classical appeals: • Ethos: establish credibility and trustworthiness • Pathos: connect with emotions and values • Logos: use logical reasoning and evidence Other strategies: • Repetition: emphasize key points • Rhetorical questions: make readers think • Analogies: explain complex ideas through comparison • Counterarguments: address opposing views fairly Effective rhetoric combines multiple strategies based on audience and purpose.",16.4,9.2,73,57,"Organized rhetorical appeals and strategies clearly.",16
11,English,Text Analysis,"Text analysis involves systematic examination of literary works to understand how authors construct meaning through language choices, structure, and literary devices. Close reading techniques focus on word choice, syntax, imagery, and figurative language to uncover deeper meanings and themes. Contextual analysis considers historical, cultural, and biographical factors that influence interpretation, while comparative analysis examines similarities and differences between texts to reveal broader patterns and insights.","Text analysis examines how authors create meaning through their choices. Key approaches: • Close reading: focus on specific words, images, literary devices • Contextual analysis: consider historical and cultural background • Comparative analysis: examine multiple texts together • Structural analysis: look at organization and form Questions to ask: • Why did the author choose these specific words? • How do literary devices support the theme? • What patterns emerge throughout the text? • How does context affect meaning?",16.6,9.3,74,56,"Organized analysis approaches clearly and provided guiding questions.",1812,Mathematics,Continuity and Discontinuity,"Continuity analysis determines where functions maintain unbroken behavior and identifies points of discontinuity that interrupt smooth function progression. A function is continuous at a point if the limit equals the function value at that point, requiring three conditions: the function is defined, the limit exists, and they are equal. Types of discontinuities include removable (holes), jump discontinuities (breaks), and infinite discontinuities (vertical asymptotes).","Continuity means a function has no breaks or jumps. For continuity at a point: • Function must be defined there • Limit must exist • Function value must equal the limit Types of discontinuities: • Removable: holes that can be 'filled' • Jump: function jumps to different value • Infinite: vertical asymptotes Understanding continuity helps analyze function behavior.",17.2,9.1,71,55,"Organized continuity conditions and discontinuity types clearly.",16
10,Mathematics,Arithmetic Sequences,"Arithmetic sequences are characterized by a constant difference between consecutive terms, represented mathematically as an = a1 + (n-1)d, where a1 denotes the first term, d represents the common difference, and n indicates the term position. The sum of the first n terms of an arithmetic sequence can be calculated using the formula Sn = n/2[2a1 + (n-1)d] or alternatively Sn = n/2(a1 + an), providing efficient methods for calculating cumulative values.","Arithmetic sequences have the same difference between each term. Key formulas: • Term formula: an = a1 + (n-1)d • Sum formula: Sn = n/2[2a1 + (n-1)d] or Sn = n/2(first + last) Example: 2, 5, 8, 11... has first term a1 = 2 and common difference d = 3. These sequences model situations with constant change rates.",17.3,9.2,85,63,"Organized formulas clearly and provided concrete example.",22
10,Mathematics,Geometric Sequences,"Geometric sequences exhibit a constant ratio between consecutive terms, following the general formula an = a1 × r^(n-1), where r represents the common ratio and must not equal zero. The sum of a finite geometric series is given by Sn = a1(1-r^n)/(1-r) for r ≠ 1, while infinite geometric series converge to S = a1/(1-r) when |r| < 1. Applications include compound interest calculations, population growth models, and radioactive decay processes.","Geometric sequences multiply by the same ratio each time. Key formulas: • Term formula: an = a1 × r^(n-1) • Finite sum: Sn = a1(1-r^n)/(1-r) when r ≠ 1 • Infinite sum: S = a1/(1-r) when |r| < 1 Example: 3, 6, 12, 24... has first term a1 = 3 and common ratio r = 2. Used for compound interest and growth/decay problems.",17.8,9.4,87,65,"Simplified formulas and provided practical applications.",22
10,Mathematics,Right Triangle Trigonometry,"Right triangle trigonometry establishes relationships between angles and side lengths in right triangles through the fundamental ratios sine, cosine, and tangent. These ratios remain constant for specific angles regardless of triangle size, enabling calculation of unknown sides or angles when sufficient information is provided. The SOH-CAH-TOA mnemonic assists in remembering that sine equals opposite over hypotenuse, cosine equals adjacent over hypotenuse, and tangent equals opposite over adjacent.","Right triangle trigonometry uses ratios to find missing sides and angles. Three main ratios (SOH-CAH-TOA): • Sine: opposite ÷ hypotenuse • Cosine: adjacent ÷ hypotenuse • Tangent: opposite ÷ adjacent These ratios stay the same for any angle, no matter how big the triangle is. Use them to solve for unknown parts when you know an angle and one side, or two sides.",16.2,8.9,78,58,"Organized trig ratios clearly with mnemonic device.",20
10,Mathematics,Circle Theorems,"Circle theorems describe geometric relationships and properties unique to circular figures, including relationships between central angles, inscribed angles, chords, tangents, and secants. The inscribed angle theorem states that an inscribed angle measures half the central angle that subtends the same arc. Additional theorems address chord relationships, tangent-secant properties, and the power of a point, providing tools for solving complex geometric problems involving circles.","Circle theorems show special relationships in circles. Key theorems: • Inscribed angle = half the central angle (same arc) • Tangent perpendicular to radius at point of contact • Equal chords = equal arcs • Tangent-secant relationships for intersecting lines These theorems help solve problems involving angles, arcs, and line segments in circles.",16.8,9.1,73,52,"Organized key theorems clearly and explained their applications.",21
10,Mathematics,Probability Basics,"Probability quantifies the likelihood of events occurring, expressed as values between 0 (impossible) and 1 (certain) or as percentages from 0% to 100%. Theoretical probability is calculated by dividing favorable outcomes by total possible outcomes, while experimental probability uses observed frequencies from trials. Compound events involve multiple occurrences, with independent events having probabilities that multiply and mutually exclusive events having probabilities that add.","Probability measures how likely events are to happen, from 0 (impossible) to 1 (certain). Key concepts: • Theoretical probability: favorable outcomes ÷ total outcomes • Experimental probability: what actually happens in trials • Independent events: one doesn't affect the other (multiply probabilities) • Mutually exclusive events: can't happen together (add probabilities) Example: Rolling a 6 on a die has probability 1/6 ≈ 0.167 or 16.7%.",16.5,9.0,79,62,"Organized probability types clearly and provided concrete example.",17
10,Science,Solutions and Concentration,"Solution concentration quantifies the amount of solute dissolved in a given quantity of solvent or solution, expressed through various units including molarity (moles solute per liter solution), molality (moles solute per kilogram solvent), and percent composition by mass or volume. Dilution calculations employ the relationship M1V1 = M2V2, where initial and final molarities and volumes maintain constant mole quantities. Colligative properties depend on particle concentration rather than identity.","Solution concentration measures how much substance is dissolved in a solution. Common units: • Molarity (M): moles of solute per liter of solution • Molality (m): moles of solute per kilogram of solvent • Percent: parts solute per 100 parts solution Dilution formula: M1V1 = M2V2 (moles stay constant). Colligative properties like boiling point depend on particle concentration, not what the particles are.",18.1,9.3,91,68,"Organized concentration units clearly and explained colligative properties simply.",23
10,Science,Kinematics,"Kinematics describes motion without considering the forces that cause it, focusing on displacement, velocity, and acceleration relationships over time. The kinematic equations relate these variables for objects undergoing constant acceleration: v = v₀ + at, x = x₀ + v₀t + ½at², v² = v₀² + 2a(x - x₀), and x = x₀ + ½(v₀ + v)t. Graphical analysis of position, velocity, and acceleration versus time provides visual interpretation of motion characteristics.","Kinematics studies how objects move without worrying about what causes the motion. Key variables: • Displacement (x): change in position • Velocity (v): speed with direction • Acceleration (a): change in velocity Key equations for constant acceleration: • v = v₀ + at • x = x₀ + v₀t + ½at² • v² = v₀² + 2a(x - x₀) Graphs help visualize motion patterns.",17.0,9.1,82,59,"Organized motion variables and equations clearly with graph mention.",23
10,Science,Dynamics,"Dynamics examines the relationship between forces and motion, governed by Newton's three laws of motion. The first law describes inertia, stating objects at rest stay at rest and objects in motion continue moving unless acted upon by external forces. The second law quantifies this relationship through F = ma, while the third law establishes that forces always occur in equal and opposite pairs between interacting objects.","Dynamics studies forces and how they cause motion. Newton's three laws: • First law (inertia): objects keep doing what they're doing unless a force acts • Second law: F = ma (force equals mass times acceleration) • Third law: for every action, there's an equal and opposite reaction These laws explain everything from walking to rocket launches.",16.4,8.9,74,54,"Simplified Newton's laws and provided everyday applications.",20
10,Science,Energy Conservation,"Energy conservation represents a fundamental principle stating that energy cannot be created or destroyed, only transformed from one form to another within isolated systems. Mechanical energy includes kinetic energy (½mv²) associated with motion and potential energy related to position or configuration. Work-energy theorem establishes that work done on an object equals the change in its kinetic energy, while power measures the rate of energy transfer or work performance.","Energy conservation means energy cannot be created or destroyed, only changed from one form to another. Types of mechanical energy: • Kinetic energy: energy of motion (½mv²) • Potential energy: stored energy due to position Key relationships: • Work-energy theorem: work = change in kinetic energy • Power: rate of doing work or transferring energy Examples: roller coasters, pendulums, springs.",16.9,9.2,77,58,"Organized energy types clearly and provided concrete examples.",19
10,Science,Waves and Sound,"Wave phenomena involve the transfer of energy through oscillating disturbances without transporting matter, characterized by properties including wavelength, frequency, amplitude, and wave speed. Sound waves represent mechanical vibrations that require a medium for propagation, with frequency determining pitch and amplitude affecting loudness. The Doppler effect describes frequency changes when wave sources or observers are in relative motion, commonly experienced with moving vehicles.","Waves transfer energy through oscillations without moving matter. Key properties: • Wavelength: distance between wave peaks • Frequency: waves per second (determines pitch for sound) • Amplitude: wave height (determines loudness for sound) • Speed: how fast waves travel Sound needs a medium (air, water, solids) to travel. Doppler effect: frequency changes when source or observer moves (ambulance siren changing pitch).",17.2,9.0,76,62,"Organized wave properties clearly and explained Doppler effect with example.",14
10,Science,Light and Optics,"Light exhibits both wave and particle properties, traveling at approximately 3.0 × 10⁸ m/s in vacuum and slowing when passing through different media. Reflection follows the law that incident and reflected angles are equal, while refraction involves direction changes according to Snell's law: n₁sin(θ₁) = n₂sin(θ₂). Lenses and mirrors form images through focusing light rays, with applications ranging from eyeglasses to telescopes and microscopes.","Light has both wave and particle properties and travels at 3.0 × 10⁸ m/s in vacuum. Key behaviors: • Reflection: incident angle = reflected angle • Refraction: light bends when entering new medium (Snell's law) • Lenses: curved glass that focuses or spreads light • Mirrors: reflect light to form images Applications: eyeglasses, cameras, telescopes, microscopes.",16.7,9.1,74,53,"Organized light behaviors clearly and mentioned practical applications.",21
10,English,Character Development,"Character development in literature involves the gradual revelation and evolution of personality traits, motivations, and psychological complexity throughout a narrative. Authors employ direct characterization through explicit description and indirect characterization through actions, dialogue, thoughts, and interactions with other characters. Dynamic characters undergo significant changes during the story, while static characters remain essentially unchanged, each serving specific narrative purposes and thematic functions.","Character development shows how characters grow and change in stories. Two ways authors reveal characters: • Direct characterization: author tells us about the character • Indirect characterization: we learn through actions, words, thoughts, and relationships Character types: • Dynamic: change significantly during the story • Static: stay essentially the same Both types serve important purposes in storytelling.",16.3,9.2,75,55,"Organized characterization methods and character types clearly.",20
10,English,Setting Analysis,"Setting encompasses the time, place, and social environment in which literary events occur, serving functions beyond mere background information. Physical setting includes geographical location and historical period, while social setting involves cultural norms, values, and class structures that influence character behavior. Effective setting analysis examines how environmental factors shape plot development, character motivation, and thematic meaning within the narrative context.","Setting includes when and where a story happens, plus the social environment. Three aspects: • Physical setting: location and time period • Social setting: culture, values, class structure • Atmosphere: mood created by the setting Setting affects: • How characters behave • What conflicts arise • The story's themes and meaning Good setting analysis connects place and time to character actions and story themes.",15.8,9.0,69,54,"Organized setting aspects clearly and explained their narrative functions.",15
10,English,Plot Structure,"Plot structure organizes narrative events through a systematic progression that typically follows the dramatic arc: exposition, rising action, climax, falling action, and resolution. Exposition introduces characters, setting, and background information, while rising action develops conflict and tension through escalating events. The climax represents the story's turning point or moment of highest intensity, followed by falling action that resolves secondary conflicts and leads to the resolution or denouement.","Plot structure organizes story events in a pattern called the dramatic arc. Five parts: • Exposition: introduces characters, setting, background • Rising action: builds conflict and tension • Climax: turning point or most intense moment • Falling action: resolves secondary conflicts • Resolution: ties up loose ends and concludes This structure keeps readers engaged and provides satisfying story progression.",15.9,8.9,78,58,"Organized plot elements clearly and explained reader engagement purpose.",20
10,English,Theme Identification,"Theme identification involves recognizing the central ideas, messages, or universal truths that authors explore through literary elements including character development, plot events, symbolism, and conflict resolution. Themes differ from topics in that they express deeper insights about human nature, society, or life experiences rather than merely identifying subject matter. Effective theme analysis requires examining how multiple literary elements work together to convey the author's intended meaning.","Theme identification finds the big ideas or messages in literature. Themes vs. topics: • Topics: what the story is about (war, love, friendship) • Themes: deeper messages about life (war destroys innocence, love conquers fear) Themes come through: • Character changes • Plot events • Symbols • Conflicts and resolutions Look for patterns across different story elements to identify themes.",16.1,9.1,74,57,"Distinguished themes from topics clearly and organized identification methods.",17
10,English,Poetry Forms,"Poetry forms encompass structured patterns of rhyme, meter, and organization that poets use to enhance meaning and create aesthetic effects. Traditional forms include sonnets with fourteen lines and specific rhyme schemes, haikus with three lines and syllable patterns, and ballads that tell stories through quatrains. Free verse poetry abandons formal constraints, allowing poets greater flexibility in line breaks, rhythm, and structure while focusing on imagery and emotional impact.","Poetry forms use patterns of rhyme, rhythm, and structure to create effects. Common forms: • Sonnets: 14 lines with specific rhyme patterns • Haikus: 3 lines, usually 5-7-5 syllables • Ballads: tell stories, often in 4-line stanzas • Free verse: no set pattern, focuses on imagery and emotion Each form creates different effects and serves different purposes for expressing ideas and emotions.",15.7,8.8,76,57,"Organized poetry forms clearly and explained their different purposes.",19
10,English,Narrative Voice,"Narrative voice refers to the perspective from which a story is told, encompassing point of view, tone, and the narrator's relationship to events and characters. First-person narration uses 'I' and provides intimate access to one character's thoughts and experiences, while third-person narration employs 'he,' 'she,' or 'they' and can be either limited (focused on one character) or omniscient (accessing multiple characters' perspectives). The choice of narrative voice significantly affects reader understanding and emotional connection.","Narrative voice is who tells the story and how they tell it. Main types: • First person: uses 'I,' shows one character's thoughts • Third person limited: uses 'he/she,' focuses on one character • Third person omniscient: knows all characters' thoughts • Second person: uses 'you' (rare) The narrator's voice affects: • What information readers get • How close readers feel to characters • The story's tone and mood",16.5,9.3,89,63,"Organized voice types clearly and explained their effects on readers.",26
11,Mathematics,Inverse Functions,"Inverse functions represent mathematical relationships where the input and output values of the original function are interchanged, requiring that the original function be one-to-one for the inverse to exist. The notation f⁻¹(x) denotes the inverse function, and the composition f(f⁻¹(x)) = x and f⁻¹(f(x)) = x confirms the inverse relationship. Graphically, inverse functions are reflections of the original function across the line y = x, providing geometric interpretation of the algebraic relationship.","Inverse functions switch inputs and outputs of the original function. Key requirements: • Original function must be one-to-one (passes horizontal line test) • Notation: f⁻¹(x) (not 1/f(x)) • Test: f(f⁻¹(x)) = x and f⁻¹(f(x)) = x • Graph: reflection across y = x Finding inverses: switch x and y, then solve for y. Common examples: logarithms are inverses of exponentials.",16.9,9.2,79,60,"Organized inverse concepts clearly and provided finding method.",19
11,Mathematics,Exponential Equations,"Exponential equations contain variables in exponent positions and require specialized solution techniques depending on whether bases can be made equal or logarithmic methods are necessary. When bases are equal, exponents can be set equal for direct solution. When bases differ, logarithmic properties enable solving through techniques including taking logarithms of both sides, applying logarithm rules, and converting between exponential and logarithmic forms to isolate variables.","Exponential equations have variables in the exponent. Two main solving methods: • Same base: make bases equal, then set exponents equal • Different bases: use logarithms Common steps: • Isolate the exponential term • Take log of both sides • Use log properties to solve • Check answers in original equation Example: 2^x = 8 → 2^x = 2³ → x = 3",16.7,9.1,74,58,"Organized solution methods clearly and provided step-by-step example.",16
11,Mathematics,Logarithmic Equations,"Logarithmic equations involve variables within logarithmic expressions and require systematic approaches including converting to exponential form, applying logarithm properties, and combining multiple logarithmic terms. Solution verification is crucial because algebraic manipulation may introduce extraneous solutions that satisfy transformed equations but violate domain restrictions of the original logarithmic expressions. Common techniques include using the change of base formula and recognizing when to apply specific logarithm rules.","Logarithmic equations have variables inside logarithms. Solution strategies: • Convert to exponential form: log_b(x) = y → x = b^y • Use log properties to combine terms • Apply change of base formula when needed • Always check answers in original equation Important: solutions must make arguments positive (domain restrictions). Extraneous solutions can appear during solving.",16.8,9.3,72,56,"Organized solution strategies and emphasized domain restrictions importance.",16
11,Mathematics,Trigonometric Equations,"Trigonometric equations require finding angle measures that satisfy equations involving sine, cosine, tangent, or other trigonometric functions. Solutions often involve multiple angles due to the periodic nature of trigonometric functions, necessitating careful consideration of the specified domain or interval. Solution techniques include using inverse trigonometric functions, applying trigonometric identities, factoring expressions, and utilizing the unit circle to identify all solutions within the given range.","Trigonometric equations find angles that make trig equations true. Key considerations: • Trig functions are periodic (repeat values) • Multiple solutions usually exist • Consider domain restrictions Solution methods: • Use inverse trig functions for basic equations • Apply trig identities to simplify • Factor when possible • Use unit circle for exact values Always find all solutions in the given interval.",17.1,9.4,73,57,"Organized solution methods and emphasized multiple solutions concept.",16
11,Mathematics,Law of Sines,"The Law of Sines establishes proportional relationships in any triangle between side lengths and the sines of their opposite angles, expressed as a/sin(A) = b/sin(B) = c/sin(C). This law proves particularly useful for solving triangles when given two angles and one side (AAS or ASA cases) or two sides and an angle opposite one of them (SSA case). The SSA case requires careful analysis as it may produce zero, one, or two valid triangles, known as the ambiguous case.","The Law of Sines relates sides and angles in any triangle: a/sin(A) = b/sin(B) = c/sin(C). Use when you know: • Two angles and any side (AAS or ASA) • Two sides and an angle opposite one of them (SSA) Warning: SSA case can have 0, 1, or 2 solutions (ambiguous case). Check if your triangle actually exists by ensuring all angles are positive and sum to 180°.",16.6,9.2,81,63,"Organized law clearly and warned about ambiguous case.",18
11,Mathematics,Law of Cosines,"The Law of Cosines extends the Pythagorean theorem to non-right triangles, providing the relationship c² = a² + b² - 2ab cos(C) for calculating unknown sides or angles. This law is particularly useful for solving triangles when given three sides (SSS case) or two sides and the included angle (SAS case). When the angle C equals 90°, the cosine term becomes zero, reducing the formula to the familiar Pythagorean theorem.","The Law of Cosines works for any triangle: c² = a² + b² - 2ab cos(C). Use when you know: • All three sides (SSS): solve for angles • Two sides and the included angle (SAS): solve for the third side Special case: when C = 90°, cos(C) = 0, so the formula becomes c² = a² + b² (Pythagorean theorem). This law handles cases where Law of Sines doesn't work well.",16.4,9.1,78,61,"Organized law usage clearly and connected to Pythagorean theorem.",17
11,Science,Nuclear Chemistry,"Nuclear chemistry studies reactions involving changes in atomic nuclei, including radioactive decay, nuclear fission, and nuclear fusion processes. Radioactive decay follows first-order kinetics with characteristic half-lives that remain constant regardless of external conditions. Alpha decay releases helium nuclei, beta decay involves electron emission or capture, and gamma decay emits high-energy electromagnetic radiation. Nuclear reactions involve enormous energy changes according to Einstein's mass-energy relationship E = mc².","Nuclear chemistry studies changes in atomic nuclei. Main types of decay: • Alpha decay: releases helium nuclei (⁴₂He) • Beta decay: electron emission or capture • Gamma decay: high-energy electromagnetic radiation Key concepts: • Half-life: time for half the nuclei to decay • First-order kinetics: rate depends only on amount present • E = mc²: tiny mass changes release huge energy Nuclear reactions power stars and nuclear plants.",17.5,9.3,78,62,"Organized decay types clearly and explained energy relationship.",16
11,Science,Thermochemistry,"Thermochemistry quantifies energy changes during chemical reactions through enthalpy measurements, with exothermic reactions releasing energy to surroundings and endothermic reactions absorbing energy from surroundings. Hess's law states that total enthalpy change depends only on initial and final states, allowing calculation of unknown enthalpy changes through manipulation of known thermochemical equations. Calorimetry experiments measure heat transfer to determine specific heats and enthalpy changes experimentally.","Thermochemistry measures energy changes in chemical reactions. Two types: • Exothermic: release energy to surroundings (ΔH negative) • Endothermic: absorb energy from surroundings (ΔH positive) Key concepts: • Hess's law: total energy change depends only on start and end states • Calorimetry: experimental measurement of heat transfer • Standard enthalpies: measured under standard conditions These measurements help predict whether reactions will occur spontaneously.",17.3,9.4,75,58,"Organized reaction types and key concepts clearly.",17
11,Science,Circular Motion,"Circular motion involves objects moving in circular paths at constant speed while experiencing continuous acceleration directed toward the center of the circle. Centripetal acceleration has magnitude v²/r and requires a centripetal force given by F = mv²/r, provided by tension, gravity, friction, or other forces depending on the specific situation. Angular velocity relates linear speed to radius through v = rω, while centrifugal force represents a fictitious force experienced in rotating reference frames.","Circular motion occurs when objects move in circles at constant speed but changing direction. Key concepts: • Centripetal acceleration: v²/r, directed toward center • Centripetal force: F = mv²/r, keeps object in circular path • Angular velocity: ω relates to linear speed by v = rω • Common sources of centripetal force: tension, gravity, friction Examples: satellites orbiting Earth, cars turning corners, amusement park rides.",16.8,9.2,79,61,"Organized circular motion concepts clearly and provided examples.",18
11,Science,Gravitational Forces,"Gravitational forces represent attractive interactions between masses described by Newton's universal law of gravitation: F = Gm₁m₂/r², where G is the gravitational constant. This inverse square relationship explains planetary motion, tidal effects, and orbital mechanics. Gravitational field strength equals acceleration due to gravity (g = GM/r²) and varies with distance from massive objects. Escape velocity represents the minimum speed needed for objects to overcome gravitational attraction completely.","Gravitational forces attract masses according to Newton's law: F = Gm₁m₂/r². Key points: • Force depends on both masses and distance squared • Universal constant G applies everywhere • Field strength g = GM/r² (varies with distance) • Escape velocity: minimum speed to escape gravity Applications: planetary orbits, satellite motion, tides, why we stay on Earth. Gravity gets weaker with distance but never disappears completely.",17.0,9.1,77,59,"Organized gravitational concepts clearly and mentioned practical applications.",18grade,subject,topic,original_text,simplified_text,readability_original,readability_simplified,word_count_original,word_count_simplified,complexity_reduction,word_reduction
10,Mathematics,Linear Equations,"To solve linear equations of the form ax + b = c, where a, b, and c are constants and a ≠ 0, we must systematically isolate the variable x by performing inverse operations on both sides of the equation while maintaining equality. The fundamental principle underlying this process is that whatever operation is performed on one side of the equation must simultaneously be applied to the other side to preserve the equality relationship.","To solve equations like ax + b = c, we need to get x by itself. We do this by doing opposite operations to both sides. If we add something to one side, we must add the same thing to the other side. This keeps the equation balanced.",15.2,8.4,76,42,"Replaced complex terms with simpler words and broke down long sentences.",34
10,Mathematics,Multi-step Equations,"When confronting multi-step linear equations, one must systematically apply the distributive property to eliminate parentheses, combine like terms on each side of the equation, and subsequently isolate the variable through a sequence of inverse operations while maintaining the fundamental principle of equality.","To solve hard equations, first remove parentheses by multiplying. Then combine similar terms. Finally, get the variable alone by doing opposite operations to both sides.",16.8,8.2,43,25,"Used simpler vocabulary and step-by-step structure.",18
10,Mathematics,Quadratic Functions,"Quadratic functions exhibit distinctive parabolic characteristics when graphed on a coordinate plane, with their general form represented by f(x) = ax² + bx + c. The vertex of the parabola, which constitutes either the maximum or minimum point depending on the coefficient of x², can be determined using the formula x = -b/(2a), and this point represents the axis of symmetry for the function.","Quadratic functions make U-shaped or upside-down U-shaped graphs called parabolas. The general form is f(x) = ax² + bx + c. The highest or lowest point is called the vertex. You can find it using x = -b/(2a). This point is also the middle line of the parabola.",14.6,9.1,67,52,"Simplified mathematical terminology and explained concepts in everyday language.",15
10,Mathematics,Factoring Polynomials,"The process of factoring polynomials involves decomposing a polynomial expression into a product of simpler polynomial factors. Various methods exist for this decomposition, including factoring out the greatest common factor, grouping terms strategically, and recognizing special patterns such as difference of squares or perfect square trinomials.","Factoring means breaking down a polynomial into smaller parts that multiply together. There are different ways to do this: • Take out common factors • Group terms together • Look for special patterns like difference of squares",13.2,8.7,54,41,"Used bullet points and simpler explanations of methods.",13
10,Science,Atomic Structure,"The atomic model comprises three fundamental subatomic particles: protons, neutrons, and electrons. Protons, which carry a positive electrical charge, and neutrons, which are electrically neutral, are located within the dense central nucleus. Electrons, possessing a negative charge, orbit the nucleus in specific energy levels or electron shells, creating the overall neutral charge of the atom when their number equals the number of protons.","Atoms have three main parts: protons, neutrons, and electrons. Protons have a positive charge (+). Neutrons have no charge. Both are in the center called the nucleus. Electrons have a negative charge (-) and move around the nucleus in layers called shells. When protons and electrons are equal, the atom has no charge.",16.3,8.9,74,58,"Broke complex sentences into simple statements with clear charge notation.",16
10,Science,Chemical Bonding,"Chemical bonding occurs when atoms combine to form molecules or compounds through the sharing or transfer of electrons. Covalent bonds form when atoms share electrons, typically between nonmetal atoms, while ionic bonds result from the complete transfer of electrons from metal atoms to nonmetal atoms, creating charged ions that attract each other through electrostatic forces.","Chemical bonding happens when atoms join together to make molecules. There are two main types: • Covalent bonds: atoms share electrons (usually between nonmetals) • Ionic bonds: one atom gives electrons to another atom (between metals and nonmetals)",15.7,9.3,57,40,"Used bullet points and simplified technical language.",17
10,Science,Photosynthesis,"Photosynthesis is the complex biochemical process by which green plants and certain bacteria convert light energy, typically from the sun, into chemical energy stored in glucose molecules. This process occurs primarily in the chloroplasts of plant cells and requires carbon dioxide from the atmosphere, water from the soil, and chlorophyll to capture light energy. The overall equation for photosynthesis is 6CO₂ + 6H₂O + light energy → C₆H₁₂O₆ + 6O₂.","Photosynthesis is how plants make food using sunlight. Plants take in carbon dioxide from air and water from soil. They use chlorophyll (the green stuff) to catch sunlight. The equation is: 6CO₂ + 6H₂O + light → C₆H₁₂O₆ + 6O₂. This means plants make sugar and release oxygen.",16.2,9.1,78,56,"Simplified scientific terms and explained the process in everyday language.",22
10,English,Literary Devices,"Metaphors and similes are fundamental figurative language devices that authors employ to create vivid imagery and enhance the emotional impact of their writing. While both devices establish comparisons between disparate objects or concepts, metaphors assert direct equivalence without using comparative words, whereas similes explicitly utilize 'like' or 'as' to draw parallels between different elements.","Metaphors and similes help writers create pictures in readers' minds. Both compare two different things: • Metaphors say one thing IS another thing (without using 'like' or 'as') • Similes use 'like' or 'as' to compare things Writers use these to make their writing more interesting and emotional.",14.8,8.6,62,49,"Used bullet points and explained differences clearly with examples.",13
10,English,Character Analysis,"Character development in literature involves the gradual revelation and evolution of a character's personality, motivations, and psychological complexity throughout the narrative. Authors utilize various techniques including direct characterization, where traits are explicitly stated, and indirect characterization, which reveals character through actions, dialogue, thoughts, and interactions with other characters.","Character development shows how characters change and grow in a story. Writers show us characters in two ways: • Direct characterization: the author tells us about the character • Indirect characterization: we learn about characters through their actions, words, thoughts, and how they treat others",15.4,9.0,58,47,"Simplified literary terms and used clear examples.",11
10,English,Narrative Structure,"The traditional narrative structure, often referred to as the dramatic arc or plot pyramid, consists of five essential components: exposition, rising action, climax, falling action, and resolution. This structural framework provides writers with a systematic approach to organizing events and developing tension, ensuring that stories maintain coherence and engage readers effectively throughout the narrative progression.","Stories usually follow a pattern called the plot pyramid. It has five parts: 1. Exposition: introduces characters and setting 2. Rising action: events that build tension 3. Climax: the most exciting or important moment 4. Falling action: events after the climax 5. Resolution: how the story ends",16.1,8.8,63,50,"Used numbered list and explained each component simply.",13
11,Mathematics,Polynomial Functions,"Polynomial functions represent a significant class of algebraic functions characterized by expressions containing variables raised to non-negative integer powers, combined using addition, subtraction, and multiplication operations. The degree of a polynomial is determined by the highest power of the variable, and this degree dictates the fundamental characteristics of the function's graph, including the maximum number of turning points and the end behavior as x approaches positive or negative infinity.","Polynomial functions are made up of terms with variables raised to whole number powers. You can add, subtract, and multiply these terms. The degree is the highest power in the function. The degree tells us important things about the graph: • How many turning points it can have • What happens at the far left and right of the graph",17.2,9.4,82,64,"Simplified mathematical language and used bullet points for key concepts.",18
11,Mathematics,Logarithmic Functions,"Logarithmic functions serve as the inverse operations of exponential functions, with the logarithm base b of a number x representing the exponent to which the base must be raised to produce x. The fundamental properties of logarithms include the product rule log_b(xy) = log_b(x) + log_b(y), the quotient rule log_b(x/y) = log_b(x) - log_b(y), and the power rule log_b(x^n) = n·log_b(x).","Logarithms are the opposite of exponential functions. If b^y = x, then log_b(x) = y. This means the logarithm asks: 'What power do we raise the base to get this number?' Key rules: • Product: log_b(xy) = log_b(x) + log_b(y) • Quotient: log_b(x/y) = log_b(x) - log_b(y) • Power: log_b(x^n) = n·log_b(x)",16.8,9.2,75,63,"Explained the concept with a question and organized rules clearly.",12
11,Mathematics,Trigonometric Identities,"Trigonometric identities are fundamental equations involving trigonometric functions that remain true for all values within their domains. The most essential identity is the Pythagorean identity sin²θ + cos²θ = 1, which derives from the unit circle definition of trigonometric functions. Additional crucial identities include the reciprocal identities such as sec θ = 1/cos θ and the co-function identities like sin θ = cos(90° - θ).","Trigonometric identities are equations with trig functions that are always true. The most important one is sin²θ + cos²θ = 1. This comes from the unit circle. Other key identities: • Reciprocal: sec θ = 1/cos θ, csc θ = 1/sin θ, cot θ = 1/tan θ • Co-function: sin θ = cos(90° - θ), cos θ = sin(90° - θ)",15.9,9.1,73,58,"Organized identities by type and used mathematical notation clearly.",15
11,Science,Chemical Equilibrium,"Chemical equilibrium represents a dynamic state in which the rates of forward and reverse reactions are equal, resulting in constant concentrations of reactants and products over time. Le Chatelier's principle states that when a system at equilibrium is subjected to a stress, such as changes in concentration, temperature, or pressure, the equilibrium will shift in the direction that counteracts the applied stress, thereby establishing a new equilibrium position.","Chemical equilibrium happens when forward and reverse reactions occur at the same rate. The amounts of reactants and products stay constant. Le Chatelier's principle explains what happens when we change conditions: • If we add more reactant, the reaction shifts to make more product • If we change temperature or pressure, the equilibrium shifts to reduce the stress",16.7,9.3,78,60,"Simplified scientific terminology and explained the principle with examples.",18
11,Science,Cellular Respiration,"Cellular respiration is the metabolic process by which organisms break down glucose and other organic molecules to release energy in the form of ATP (adenosine triphosphate). This process occurs in three distinct stages: glycolysis in the cytoplasm, the Krebs cycle in the mitochondrial matrix, and the electron transport chain in the inner mitochondrial membrane. The overall equation for cellular respiration is C₆H₁₂O₆ + 6O₂ → 6CO₂ + 6H₂O + ATP.","Cellular respiration is how cells break down sugar to make energy (ATP). It happens in three steps: 1. Glycolysis: breaks down glucose in the cytoplasm 2. Krebs cycle: happens in the mitochondria 3. Electron transport: makes most of the ATP The equation: C₆H₁₂O₆ + 6O₂ → 6CO₂ + 6H₂O + ATP (sugar + oxygen → carbon dioxide + water + energy)",17.1,9.0,81,67,"Used numbered steps and explained the equation in simple terms.",14
11,Science,Genetics and Heredity,"Genetics involves the study of heredity and variation in living organisms, focusing on how traits are transmitted from parents to offspring through genes located on chromosomes. Mendel's laws of inheritance describe the fundamental patterns of genetic transmission, including the law of segregation, which states that allele pairs separate during gamete formation, and the law of independent assortment, which explains that genes for different traits are inherited independently of each other.","Genetics studies how traits pass from parents to children through genes on chromosomes. Mendel discovered important patterns: • Law of segregation: each parent gives one copy of each gene to their child • Law of independent assortment: different traits are inherited separately For example, eye color and hair color are inherited independently.",17.4,9.5,79,56,"Simplified genetics terminology and provided concrete example.",23
11,English,Rhetorical Analysis,"Rhetorical analysis involves the systematic examination of how authors construct arguments and persuade audiences through the strategic use of ethos, pathos, and logos. Ethos establishes the speaker's credibility and moral character, pathos appeals to the audience's emotions and values, while logos employs logical reasoning and evidence to support claims. Effective rhetorical analysis requires identifying these appeals and evaluating their effectiveness within the specific context and purpose of the text.","Rhetorical analysis looks at how writers persuade their audience using three main strategies: • Ethos: building trust by showing the writer is credible and knowledgeable • Pathos: connecting with readers' emotions and values • Logos: using logical reasoning and evidence To analyze rhetoric, identify these strategies and decide how well they work for the intended audience.",16.3,9.2,83,61,"Organized persuasive appeals clearly and explained the analysis process.",22
11,English,Thematic Analysis,"Thematic analysis in literature involves the identification and examination of recurring ideas, concepts, or messages that permeate a literary work. Themes typically emerge through the interaction of various literary elements including character development, plot progression, setting, symbolism, and authorial commentary. Unlike topics, which represent the subject matter of a work, themes express the author's deeper insights or universal truths about human nature, society, or the human condition.","Thematic analysis finds the big ideas or messages in literature. Themes come through different parts of the story: • Character development • Plot events • Setting • Symbols • What the author says directly Themes are different from topics. Topics are what the story is about. Themes are the deeper meanings about life, people, or society.",15.8,9.1,74,58,"Distinguished between themes and topics, and organized literary elements clearly.",16
11,English,Literary Criticism,"Literary criticism encompasses various theoretical approaches and methodologies for interpreting and evaluating literary texts. Formalist criticism focuses on the text's structure, style, and literary devices, while historical criticism examines works within their social and cultural contexts. Feminist criticism analyzes gender representations and power dynamics, and psychoanalytic criticism applies psychological theories to understand character motivations and symbolic meanings within the narrative.","Literary criticism uses different methods to understand and judge literature: • Formalist: focuses on writing style and literary devices • Historical: looks at the time period and culture when it was written • Feminist: examines how gender and power are shown • Psychoanalytic: uses psychology to understand characters and symbols Each approach gives us different insights into the same text.",16.5,9.4,72,56,"Organized criticism types clearly and explained their focus areas.",16
12,Mathematics,Calculus Derivatives,"The derivative of a function represents the instantaneous rate of change at any given point and is fundamental to differential calculus. Derivatives can be computed using various rules including the power rule d/dx[x^n] = nx^(n-1), the product rule d/dx[f(x)g(x)] = f'(x)g(x) + f(x)g'(x), and the chain rule d/dx[f(g(x))] = f'(g(x))g'(x). These rules enable the calculation of derivatives for complex composite functions.","Derivatives show how fast a function changes at any point. They are key to calculus. Main rules for finding derivatives: • Power rule: d/dx[x^n] = nx^(n-1) • Product rule: d/dx[f(x)g(x)] = f'(x)g(x) + f(x)g'(x) • Chain rule: d/dx[f(g(x))] = f'(g(x))g'(x) These rules help us find derivatives of complicated functions.",17.6,9.3,70,55,"Simplified calculus terminology and organized rules with clear notation.",15
12,Mathematics,Integration Techniques,"Integration, the inverse process of differentiation, involves finding the antiderivative of a function. Various integration techniques exist to handle different types of functions, including substitution integration for composite functions, integration by parts for products of functions using the formula ∫u dv = uv - ∫v du, and partial fraction decomposition for rational functions where the degree of the numerator is less than the degree of the denominator.","Integration is the reverse of finding derivatives. It finds the original function from its rate of change. Key methods: • Substitution: used for composite functions • Integration by parts: for products, using ∫u dv = uv - ∫v du • Partial fractions: for rational functions (fractions with polynomials) Each method works best for different types of functions.",16.9,9.1,73,58,"Explained integration as reverse of derivatives and organized methods clearly.",15
12,Mathematics,Sequences and Series,"Sequences represent ordered lists of numbers following specific patterns, while series denote the sum of terms in a sequence. Arithmetic sequences have constant differences between consecutive terms, with the general term a_n = a_1 + (n-1)d, where d represents the common difference. Geometric sequences exhibit constant ratios between consecutive terms, expressed as a_n = a_1 × r^(n-1), where r represents the common ratio.","Sequences are ordered lists of numbers that follow a pattern. Series are the sums of sequence terms. Two main types: • Arithmetic sequences: same difference between terms Formula: a_n = a_1 + (n-1)d • Geometric sequences: same ratio between terms Formula: a_n = a_1 × r^(n-1) These formulas help us find any term in the sequence.",17.2,9.4,69,56,"Distinguished sequences from series and organized types with clear formulas.",13
12,Science,Organic Chemistry,"Organic chemistry focuses on the study of carbon-containing compounds and their properties, structures, and reactions. Carbon's unique ability to form four covalent bonds enables the creation of complex molecular structures including chains, rings, and branched arrangements. Functional groups, such as hydroxyl (-OH), carbonyl (C=O), and carboxyl (-COOH), determine the chemical behavior and properties of organic molecules.","Organic chemistry studies compounds that contain carbon. Carbon can form four bonds, which lets it make complex structures: • Chains: carbon atoms linked in a row • Rings: carbon atoms connected in circles • Branches: side chains off the main structure Functional groups like -OH, C=O, and -COOH determine how these molecules behave and react.",16.8,9.2,62,51,"Simplified chemistry concepts and used bullet points for structure types.",11
12,Science,Nuclear Physics,"Nuclear physics investigates the properties and behavior of atomic nuclei, including nuclear reactions such as fission and fusion. Nuclear fission involves the splitting of heavy nuclei into lighter fragments, releasing enormous amounts of energy according to Einstein's mass-energy equivalence E=mc². Nuclear fusion combines light nuclei to form heavier nuclei, also releasing significant energy, and represents the primary energy source powering stars including our sun.","Nuclear physics studies the center of atoms (nuclei) and nuclear reactions. Two main types: • Fission: heavy nuclei split into smaller pieces, releasing huge amounts of energy • Fusion: light nuclei combine to make heavier ones, also releasing energy Both follow Einstein's equation E=mc². Fusion powers the sun and other stars.",17.3,9.1,68,53,"Simplified nuclear concepts and explained energy release clearly.",15
12,Science,Evolution and Natural Selection,"Evolution represents the change in heritable traits of biological populations over successive generations through various mechanisms including natural selection, genetic drift, gene flow, and mutation. Natural selection, proposed by Charles Darwin, operates on the principle that individuals with advantageous traits are more likely to survive and reproduce, thereby passing these beneficial characteristics to their offspring and increasing their frequency in the population over time.","Evolution is how living things change over many generations. It happens through several ways: • Natural selection: individuals with helpful traits survive and reproduce more • Genetic drift: random changes in gene frequency • Gene flow: genes moving between populations • Mutation: new genetic changes Darwin showed that helpful traits become more common because they help survival.",17.8,9.6,81,63,"Simplified evolutionary concepts and explained Darwin's contribution clearly.",18
12,English,Postmodern Literature,"Postmodern literature emerged in the mid-20th century as a reaction against the conventions and assumptions of modernist literature, characterized by metafictional elements, unreliable narrators, fragmented narratives, and the blurring of boundaries between high and popular culture. Postmodern authors often employ techniques such as pastiche, parody, and intertextuality to challenge traditional notions of authorship, originality, and the relationship between fiction and reality.","Postmodern literature started in the mid-1900s as a reaction against earlier modern writing. Key features: • Metafiction: stories that talk about being stories • Unreliable narrators: storytellers you can't trust • Fragmented narratives: broken or mixed-up story structure • Mixed high and low culture Postmodern writers use parody and references to other works to question what makes literature 'real' or 'original.'",17.1,9.3,78,62,"Explained literary movement clearly and organized key features with bullet points.",16
12,English,Critical Theory,"Critical theory encompasses a broad range of interdisciplinary approaches to analyzing literature, culture, and society, including Marxist criticism which examines class struggles and economic power structures, postcolonial criticism which explores the effects of colonialism and cultural imperialism, and deconstructionist criticism which challenges the stability of meaning and reveals contradictions within texts.","Critical theory uses different methods to analyze literature, culture, and society: • Marxist criticism: looks at class conflicts and economic power • Postcolonial criticism: studies the effects of colonialism • Deconstructionist criticism: shows how meaning in texts can be unstable Each approach reveals different aspects of power, culture, and meaning in literature.",16.7,9.5,65,50,"Organized theoretical approaches clearly and explained their focus areas.",15
10,Mathematics,Systems of Equations,"Systems of linear equations consist of two or more equations with multiple variables that must be solved simultaneously to find values that satisfy all equations in the system. Common solution methods include substitution, where one variable is expressed in terms of another and substituted into the remaining equations, elimination, which involves adding or subtracting equations to eliminate variables, and graphical methods that identify intersection points of linear functions.","Systems of equations have two or more equations that we solve at the same time. We need to find values that work for all equations. Three main ways to solve them: • Substitution: solve for one variable, then substitute into other equations • Elimination: add or subtract equations to remove variables • Graphing: find where the lines cross Each method works well for different types of problems.",15.4,8.9,79,60,"Organized solution methods clearly and explained when each works best.",19
10,Mathematics,Exponential Functions,"Exponential functions are characterized by variables appearing in the exponent position and exhibit distinctive growth or decay patterns. The general form f(x) = ab^x contains a base b that determines whether the function represents exponential growth (b > 1) or exponential decay (0 < b < 1). These functions model numerous real-world phenomena including population growth, radioactive decay, and compound interest calculations.","Exponential functions have variables in the exponent position, like f(x) = ab^x. They show growth or decay patterns: • If b > 1: exponential growth (gets bigger fast) • If 0 < b < 1: exponential decay (gets smaller) These functions model real situations like population growth, radioactive decay, and compound interest.",14.8,9.2,68,52,"Simplified mathematical terminology and provided real-world applications.",16
10,Mathematics,Geometric Transformations,"Geometric transformations involve systematic methods of changing the position, size, or orientation of geometric figures in the coordinate plane. The primary transformations include translations (sliding figures without rotation), reflections (flipping figures across a line), rotations (turning figures around a fixed point), and dilations (scaling figures larger or smaller while maintaining proportional relationships between corresponding parts).","Geometric transformations change the position, size, or direction of shapes. Four main types: • Translation: sliding a shape without turning it • Reflection: flipping a shape across a line (like a mirror) • Rotation: turning a shape around a fixed point • Dilation: making a shape larger or smaller while keeping the same proportions",15.1,8.7,66,54,"Used simple language and everyday comparisons like mirrors.",12
10,Science,States of Matter,"Matter exists in distinct physical states determined by the arrangement and motion of particles. Solids maintain definite shape and volume due to tightly packed particles with limited motion. Liquids possess definite volume but take the shape of their container as particles move more freely while remaining in close proximity. Gases expand to fill available space completely because particles move rapidly with significant distances between them.","Matter exists in different states based on how particles move and are arranged: • Solids: particles packed tightly, definite shape and volume • Liquids: particles close but move freely, definite volume but take container shape • Gases: particles move fast and spread out, fill all available space Temperature changes can make matter change from one state to another.",16.2,9.0,67,59,"Organized states clearly and explained particle behavior simply.",8
10,Science,Chemical Reactions,"Chemical reactions involve the rearrangement of atoms to form new substances with different properties from the original reactants. During these processes, chemical bonds are broken in reactants and new bonds form to create products, while the total number of atoms remains constant according to the law of conservation of mass. Reactions can be classified as synthesis (combining substances), decomposition (breaking down compounds), or replacement (exchanging atoms between compounds).","Chemical reactions happen when atoms rearrange to make new substances. The process: • Bonds break in the starting materials (reactants) • New bonds form to make different substances (products) • The total number of atoms stays the same Main types: synthesis (combining), decomposition (breaking apart), and replacement (switching atoms).",16.4,9.1,65,52,"Simplified reaction terminology and organized types clearly.",13
10,Science,Force and Motion,"Newton's laws of motion provide fundamental principles governing the relationship between forces acting on objects and their resulting motion. The first law states that objects in motion tend to stay in motion unless acted upon by an external force. The second law establishes that force equals mass times acceleration (F = ma). The third law declares that for every action force, there exists an equal and opposite reaction force.","Newton's three laws explain how forces affect motion: • First law: objects keep moving (or stay still) unless a force acts on them • Second law: force equals mass times acceleration (F = ma) • Third law: every action has an equal and opposite reaction For example, when you push on a wall, the wall pushes back with the same force.",15.7,8.8,72,58,"Simplified physics concepts and provided concrete example.",14
10,English,Poetry Analysis,"Poetry analysis involves examining the various literary elements and techniques poets employ to convey meaning, emotion, and artistic expression. Key components include meter and rhythm, which establish the poem's musical qualities, figurative language such as metaphors and symbolism that create deeper layers of meaning, and structural elements including rhyme scheme, stanza organization, and line breaks that contribute to the overall aesthetic and interpretive experience.","Poetry analysis looks at how poets create meaning and emotion. Key elements to examine: • Meter and rhythm: the musical beat of the poem • Figurative language: metaphors, symbols, and imagery • Structure: rhyme patterns, stanza arrangement, and line breaks • Theme: the main message or idea These elements work together to create the poem's effect on readers.",16.8,9.3,74,55,"Organized poetry elements clearly and explained their combined effect.",19
10,English,Essay Writing,"Effective essay writing requires careful attention to structure, argumentation, and stylistic considerations. The introduction should engage readers while presenting a clear thesis statement that establishes the essay's central argument. Body paragraphs must provide supporting evidence and analysis that logically develops the thesis, while the conclusion synthesizes key points and reinforces the overall argument without merely restating previous content.","Good essay writing needs clear structure and strong arguments. Key parts: • Introduction: hook the reader and state your main argument (thesis) • Body paragraphs: provide evidence and explain how it supports your thesis • Conclusion: tie everything together and reinforce your main point Each paragraph should connect logically to build a convincing argument.",15.9,9.0,69,54,"Simplified essay structure and emphasized logical connections.",15
10,English,Reading Comprehension,"Reading comprehension encompasses the ability to understand, interpret, and critically evaluate written texts through active engagement with the material. Effective comprehension strategies include previewing texts to establish context, identifying main ideas and supporting details, making inferences based on textual evidence, and synthesizing information from multiple sources to develop comprehensive understanding of complex topics and themes.","Reading comprehension means understanding and thinking critically about what you read. Good strategies include: • Preview: look at headings, pictures, and structure first • Find main ideas and supporting details • Make inferences: read between the lines using evidence • Synthesize: combine information from different parts or sources These skills help you understand complex texts deeply.",16.1,9.2,67,52,"Organized reading strategies clearly and explained their purpose.",15
11,Mathematics,Rational Functions,"Rational functions are defined as quotients of polynomial functions, expressed in the form f(x) = P(x)/Q(x) where P(x) and Q(x) are polynomials and Q(x) ≠ 0. These functions exhibit distinctive characteristics including vertical asymptotes at x-values where the denominator equals zero, horizontal asymptotes determined by comparing degrees of numerator and denominator polynomials, and possible holes or removable discontinuities when common factors exist in both numerator and denominator.","Rational functions are fractions with polynomials on top and bottom: f(x) = P(x)/Q(x). Key features: • Vertical asymptotes: occur where the bottom equals zero • Horizontal asymptotes: depend on the degrees of top and bottom polynomials • Holes: happen when the same factor appears in both top and bottom Understanding these features helps us graph and analyze rational functions.",17.3,9.4,85,63,"Simplified fraction terminology and organized key features clearly.",22
11,Mathematics,Conic Sections,"Conic sections represent the curves formed by the intersection of a plane with a double cone, resulting in four distinct geometric shapes: circles, ellipses, parabolas, and hyperbolas. Each conic section possesses unique mathematical properties and equations, with circles having constant radius from a center point, ellipses featuring two foci with constant sum of distances, parabolas maintaining equal distance from focus and directrix, and hyperbolas exhibiting constant difference of distances from two foci.","Conic sections are curves made when a plane cuts through a cone. Four types: • Circle: all points same distance from center • Ellipse: oval shape with two focus points • Parabola: U-shaped curve • Hyperbola: two curved branches Each has its own equation and special properties.",16.8,9.1,84,54,"Simplified geometric concepts and organized the four types clearly.",30
11,Mathematics,Matrix Operations,"Matrix operations form the foundation of linear algebra and involve systematic procedures for manipulating rectangular arrays of numbers. Fundamental operations include matrix addition and subtraction, which require matrices of identical dimensions, scalar multiplication where each element is multiplied by a constant, and matrix multiplication, which follows specific rules where the number of columns in the first matrix must equal the number of rows in the second matrix.","Matrix operations work with rectangular grids of numbers. Basic operations: • Addition/subtraction: matrices must be the same size • Scalar multiplication: multiply every number by the same value • Matrix multiplication: follow special rules about rows and columns These operations are used in computer graphics, engineering, and data analysis.",16.5,9.3,68,52,"Simplified matrix terminology and mentioned practical applications.",16
11,Mathematics,Probability Distributions,"Probability distributions describe the likelihood of different outcomes in random events and can be categorized as discrete or continuous. Discrete distributions, such as binomial and Poisson distributions, deal with countable outcomes, while continuous distributions, including normal and exponential distributions, involve measurements that can take any value within a specified range. The normal distribution, characterized by its bell-shaped curve, is particularly significant due to the central limit theorem.","Probability distributions show how likely different outcomes are in random events. Two main types: • Discrete: countable outcomes (like coin flips) Examples: binomial, Poisson • Continuous: any value in a range (like height) Examples: normal, exponential The normal distribution (bell curve) is especially important because of the central limit theorem.",17.1,9.4,73,56,"Organized distribution types clearly and provided concrete examples.",17
11,Science,Thermodynamics,"Thermodynamics encompasses the study of energy transfer and transformation in physical systems, governed by four fundamental laws. The first law establishes conservation of energy, stating that energy cannot be created or destroyed but only converted between forms. The second law introduces the concept of entropy, indicating that isolated systems tend toward maximum disorder. The third law defines absolute zero temperature, while the zeroth law establishes thermal equilibrium principles.","Thermodynamics studies energy transfer and change in physical systems. Four main laws: • First law: energy cannot be created or destroyed, only changed from one form to another • Second law: systems naturally move toward more disorder (entropy) • Third law: defines absolute zero temperature • Zeroth law: explains thermal equilibrium These laws govern all energy processes in the universe.",17.6,9.2,76,62,"Simplified energy concepts and organized laws clearly.",14
11,Science,Electromagnetic Waves,"Electromagnetic waves represent oscillating electric and magnetic fields that propagate through space at the speed of light, encompassing a broad spectrum including radio waves, microwaves, infrared radiation, visible light, ultraviolet radiation, X-rays, and gamma rays. These waves exhibit both wave and particle properties, with wavelength and frequency inversely related according to the equation c = λf, where c represents the speed of light, λ denotes wavelength, and f indicates frequency.","Electromagnetic waves are energy that travels through space at light speed. The electromagnetic spectrum includes: • Radio waves • Microwaves • Infrared • Visible light • Ultraviolet • X-rays • Gamma rays All follow the equation c = λf (speed = wavelength × frequency). These waves have both wave and particle properties.",17.4,9.1,74,55,"Listed spectrum types clearly and explained key equation simply.",19
11,Science,Acid-Base Chemistry,"Acid-base chemistry involves the study of substances that donate or accept protons (hydrogen ions) according to the Brønsted-Lowry definition. Acids are proton donors that increase hydrogen ion concentration in aqueous solutions, while bases are proton acceptors that increase hydroxide ion concentration. The pH scale, ranging from 0 to 14, quantifies acidity and basicity, with 7 representing neutrality, values below 7 indicating acidity, and values above 7 indicating basicity.","Acid-base chemistry studies substances that give or take hydrogen ions (protons). • Acids: give away protons, make solutions more acidic • Bases: accept protons, make solutions more basic The pH scale (0-14) measures acidity: • pH = 7: neutral (pure water) • pH < 7: acidic • pH > 7: basic This scale helps us understand solution properties.",16.9,9.3,78,58,"Simplified chemical concepts and organized pH scale clearly.",20
11,English,Comparative Literature,"Comparative literature involves the systematic analysis of literary works from different cultures, languages, time periods, and genres to identify universal themes, cultural differences, and the evolution of literary traditions. This interdisciplinary approach examines how historical contexts, social conditions, and cultural values influence literary expression while exploring connections between texts that transcend geographical and temporal boundaries.","Comparative literature analyzes works from different cultures, languages, and time periods. It looks for: • Universal themes that appear across cultures • Cultural differences in how stories are told • How historical events influence literature • Connections between texts from different places and times This approach helps us understand both what makes literature universal and what makes it unique to specific cultures.",16.7,9.5,72,57,"Organized comparative elements clearly and explained the approach's value.",15
11,English,Modernist Literature,"Modernist literature emerged in the early 20th century as writers sought to break from traditional narrative conventions and explore new forms of expression in response to rapid social, technological, and cultural changes. Characteristics include stream-of-consciousness techniques, fragmented narratives, unreliable narrators, and experimental approaches to time and space. Prominent modernist authors such as James Joyce, Virginia Woolf, and T.S. Eliot revolutionized literary form and content.","Modernist literature developed in the early 1900s as writers tried new ways of telling stories. Key features: • Stream-of-consciousness: showing characters' thoughts directly • Fragmented narratives: broken or non-linear story structure • Experimental time: playing with past, present, and future • New forms and styles Famous modernist writers include James Joyce, Virginia Woolf, and T.S. Eliot.",17.2,9.4,78,58,"Organized modernist techniques clearly and mentioned key authors.",20
11,English,Argumentative Writing,"Argumentative writing requires the construction of logical, evidence-based arguments that persuade readers to accept a particular viewpoint or take specific action. Effective arguments incorporate credible sources, acknowledge counterarguments, and refute opposing positions through logical reasoning and factual evidence. The structure typically includes a clear thesis statement, well-developed body paragraphs with supporting evidence, and a conclusion that reinforces the argument while calling for reader response or action.","Argumentative writing builds logical arguments to persuade readers. Key elements: • Clear thesis: state your main argument • Strong evidence: use credible sources and facts • Address counterarguments: acknowledge and refute opposing views • Logical structure: organize points to build your case • Call to action: tell readers what to do or think The goal is to convince readers through reason and evidence.",16.8,9.2,75,59,"Organized argument elements clearly and explained the goal.",16
12,Mathematics,Limits and Continuity,"Limits represent fundamental concepts in calculus that describe the behavior of functions as input values approach specific points or infinity. A function f(x) has limit L as x approaches c if f(x) can be made arbitrarily close to L by choosing x sufficiently close to c. Continuity requires that a function's limit equals its actual value at a given point, formally expressed as lim(x→c) f(x) = f(c).","Limits describe what happens to a function as x gets close to a certain value. A function has limit L at point c if f(x) gets very close to L when x gets close to c. For continuity: • The limit must exist • The function value must exist at that point • The limit must equal the function value This means the graph has no breaks or jumps.",17.8,9.3,77,62,"Simplified calculus concepts and explained continuity requirements clearly.",15
12,Mathematics,Probability and Statistics,"Probability and statistics encompass methods for analyzing uncertainty and variability in data through mathematical models and inferential techniques. Descriptive statistics summarize data characteristics using measures of central tendency (mean, median, mode) and variability (range, variance, standard deviation), while inferential statistics use sample data to make generalizations about populations through hypothesis testing, confidence intervals, and regression analysis.","Probability and statistics help us understand uncertain data and make predictions. Two main areas: • Descriptive statistics: summarize data using averages, medians, and measures of spread • Inferential statistics: use sample data to make conclusions about whole populations Key tools include hypothesis testing, confidence intervals, and regression analysis to find patterns and relationships.",17.5,9.4,75,57,"Organized statistics areas clearly and mentioned key analytical tools.",18
12,Mathematics,Vectors and Vector Operations,"Vectors represent quantities possessing both magnitude and direction, commonly used in physics and engineering applications. Vector operations include addition through the parallelogram rule or component method, scalar multiplication that changes magnitude while preserving direction, dot product calculation that yields scalar quantities related to projection and work, and cross product computation that produces vectors perpendicular to the original vectors.","Vectors have both size (magnitude) and direction, like velocity or force. Key operations: • Addition: combine vectors using parallelogram rule or components • Scalar multiplication: changes size but keeps same direction • Dot product: gives a number related to how aligned vectors are • Cross product: creates a new vector perpendicular to both original vectors These operations are essential in physics and engineering.",16.9,9.1,68,58,"Simplified vector concepts and provided physics context.",10
12,Science,Quantum Mechanics,"Quantum mechanics describes the behavior of matter and energy at atomic and subatomic scales, where classical physics principles no longer apply. Fundamental concepts include wave-particle duality, which demonstrates that particles exhibit both wave and particle characteristics, uncertainty principle stating that position and momentum cannot be simultaneously measured with perfect accuracy, and quantum superposition allowing particles to exist in multiple states simultaneously until measurement occurs.","Quantum mechanics explains how very tiny particles behave differently from everyday objects. Key concepts: • Wave-particle duality: particles can act like waves or particles • Uncertainty principle: you cannot know both position and speed exactly • Superposition: particles can be in multiple states at once until measured These strange behaviors only happen at the atomic level.",18.1,9.5,72,54,"Simplified quantum concepts and emphasized scale dependency.",18
12,Science,Biochemistry,"Biochemistry investigates the chemical processes and molecular interactions occurring within living organisms, focusing on the structure and function of biological macromolecules including proteins, carbohydrates, lipids, and nucleic acids. Enzymes serve as biological catalysts that accelerate metabolic reactions by lowering activation energy, while metabolic pathways represent interconnected sequences of enzymatic reactions that maintain cellular function and energy production.","Biochemistry studies chemical processes in living things. It focuses on four main molecules: • Proteins: do most of the work in cells • Carbohydrates: provide energy and structure • Lipids: make membranes and store energy • Nucleic acids: store genetic information (DNA, RNA) Enzymes speed up chemical reactions by lowering the energy needed to start them.",17.7,9.2,71,58,"Organized biomolecules clearly and explained enzyme function simply.",13
12,Science,Environmental Science,"Environmental science represents an interdisciplinary field examining interactions between physical, chemical, and biological components of the environment while addressing human impact on natural systems. Climate change, driven primarily by greenhouse gas emissions from fossil fuel combustion, demonstrates how human activities alter global atmospheric composition and temperature patterns. Sustainable development strategies seek to balance economic growth with environmental conservation and social equity.","Environmental science studies how physical, chemical, and biological parts of the environment work together and how humans affect natural systems. Key issues: • Climate change: caused mainly by greenhouse gases from burning fossil fuels • Human impact: how our activities change air, water, and land • Sustainable development: balancing economic growth with environmental protection This field helps us understand and solve environmental problems.",17.4,9.3,74,62,"Organized environmental concepts clearly and explained interdisciplinary nature.",12
12,English,Contemporary Literature,"Contemporary literature encompasses works produced from the mid-20th century to the present, reflecting diverse voices, globalization effects, and technological influences on human experience. These works often address themes of identity, cultural displacement, technological alienation, and social justice while employing innovative narrative techniques including metafiction, magical realism, and multimedia integration. Contemporary authors frequently challenge traditional literary boundaries and explore marginalized perspectives.","Contemporary literature includes works from the mid-1900s to today. It reflects our modern world through: • Diverse voices: writers from many backgrounds and cultures • Global themes: effects of globalization and cultural mixing • Technology's impact: how digital life changes human experience • Social justice: addressing inequality and marginalized groups Writers use new techniques like metafiction and magical realism to tell stories in fresh ways.",17.0,9.4,73,58,"Organized contemporary themes clearly and mentioned innovative techniques.",15
12,English,Research and Documentation,"Research and documentation require systematic investigation of topics through credible sources, critical evaluation of information, and proper citation of materials to avoid plagiarism and maintain academic integrity. Effective research involves identifying appropriate primary and secondary sources, evaluating source credibility and bias, synthesizing information from multiple perspectives, and documenting sources according to established style guides such as MLA, APA, or Chicago formats.","Research and documentation involve finding reliable information and giving proper credit to sources. Key steps: • Find credible primary and secondary sources • Evaluate source reliability and possible bias • Combine information from different viewpoints • Cite sources correctly using style guides (MLA, APA, Chicago) Good research skills prevent plagiarism and build strong, supported arguments.",16.6,9.1,70,53,"Organized research process clearly and emphasized academic integrity.",17
10,Mathematics,Solving Inequalities,"Solving inequalities involves finding the range of values that satisfy mathematical statements expressing relationships of greater than, less than, greater than or equal to, or less than or equal to. The solution process parallels equation solving with the critical exception that multiplying or dividing both sides by negative numbers reverses the inequality sign. Compound inequalities require solving multiple conditions simultaneously and expressing solutions using interval notation or set-builder notation.","Solving inequalities finds all values that make the statement true. Process is similar to solving equations with one important rule: • When multiplying or dividing by negative numbers, flip the inequality sign Types of inequalities: • Simple: x > 5 or x ≤ -2 • Compound: combining two inequalities Solutions can be written using interval notation or graphed on number lines.",15.3,8.8,74,56,"Highlighted the key rule and organized inequality types clearly.",18
10,Mathematics,Data Analysis,"Data analysis encompasses the systematic examination of numerical information to identify patterns, trends, and relationships within datasets. Measures of central tendency including mean, median, and mode provide insights into typical values, while measures of variability such as range, variance, and standard deviation quantify data spread. Graphical representations including histograms, box plots, and scatter plots facilitate visual interpretation of data distributions and correlations.","Data analysis examines numbers to find patterns and trends. Key measures: • Central tendency: mean (average), median (middle value), mode (most common) • Variability: range, variance, standard deviation (how spread out data is) • Graphs: histograms, box plots, scatter plots help visualize data These tools help us understand what the data tells us and make informed decisions.",15.8,9.0,71,54,"Organized statistical measures clearly and explained their purpose.",17
10,Mathematics,Basic Trigonometry,"Trigonometry studies relationships between angles and sides in triangles, particularly right triangles. The primary trigonometric functions sine, cosine, and tangent represent ratios of triangle sides: sine equals opposite over hypotenuse, cosine equals adjacent over hypotenuse, and tangent equals opposite over adjacent. These functions enable calculation of unknown angles and sides when sufficient information about the triangle is provided.","Trigonometry studies angles and sides in triangles, especially right triangles. Three main functions use ratios: • Sine (sin): opposite side ÷ hypotenuse • Cosine (cos): adjacent side ÷ hypotenuse • Tangent (tan): opposite side ÷ adjacent side These help us find missing angles or sides when we know some information about the triangle.",15.1,8.9,72,52,"Organized trig functions clearly with their definitions.",20
10,Science,Periodic Table,"The periodic table organizes chemical elements according to increasing atomic number and reveals recurring patterns in elemental properties. Elements in the same column (groups or families) share similar chemical behaviors due to identical numbers of valence electrons, while elements in the same row (periods) have the same number of electron shells. Trends across the table include atomic radius, ionization energy, and electronegativity changes that follow predictable patterns.","The periodic table organizes elements by atomic number and shows patterns in their properties. Key organization: • Groups (columns): elements with similar properties due to same number of outer electrons • Periods (rows): elements with same number of electron shells • Trends: atomic size, ionization energy, and electronegativity change predictably across the table This organization helps predict how elements will behave.",16.4,9.2,68,55,"Organized table structure clearly and explained predictive value.",13
10,Science,Ecosystems and Biomes,"Ecosystems represent complex networks of interactions between living organisms and their physical environment, including energy flow through food chains and nutrient cycling processes. Biomes are large geographic regions characterized by distinctive climate patterns and plant communities, such as tropical rainforests with high biodiversity and desert biomes adapted to arid conditions. Human activities increasingly impact these natural systems through habitat destruction, pollution, and climate change.","Ecosystems are networks where living things interact with their environment. They include energy flow through food chains and nutrient recycling. Biomes are large regions with similar climate and plants: • Tropical rainforests: high biodiversity, warm and wet • Deserts: adapted to dry conditions • Other biomes: grasslands, forests, tundra Human activities affect these systems through habitat loss, pollution, and climate change.",16.7,9.1,73,58,"Organized ecosystem concepts and provided biome examples clearly.",15
10,English,Grammar and Mechanics,"Grammar and mechanics encompass the fundamental rules governing proper written communication, including sentence structure, punctuation, capitalization, and spelling conventions. Effective writing requires understanding parts of speech, subject-verb agreement, pronoun-antecedent relationships, and proper use of modifiers. Punctuation marks serve specific functions in clarifying meaning, with commas separating elements, semicolons connecting related clauses, and apostrophes indicating possession or contractions.","Grammar and mechanics are the basic rules for clear writing. Key areas: • Sentence structure: how to build complete sentences • Parts of speech: nouns, verbs, adjectives, etc. • Agreement: subjects and verbs must match • Punctuation: commas, semicolons, apostrophes help clarify meaning • Spelling and capitalization: follow standard conventions Good grammar helps readers understand your ideas clearly.",16.2,8.9,69,52,"Organized grammar concepts clearly and emphasized communication purpose.",17
10,English,Creative Writing,"Creative writing involves the artistic expression of ideas, emotions, and experiences through various forms including short stories, poetry, drama, and personal narratives. Effective creative writing employs literary devices such as imagery, symbolism, and metaphor to engage readers and convey deeper meanings. The writing process includes brainstorming, drafting, revising, and editing stages, with emphasis on developing authentic voice, compelling characters, and engaging plots that resonate with intended audiences.","Creative writing is artistic expression through stories, poems, plays, and personal narratives. Key elements: • Literary devices: imagery, symbolism, metaphor to create deeper meaning • Voice: developing your unique writing style • Characters: creating believable, interesting people • Plot: building engaging story events The writing process involves brainstorming, drafting, revising, and editing to create work that connects with readers.",16.5,9.3,75,56,"Organized creative elements clearly and outlined the writing process.",19
11,Mathematics,Advanced Functions,"Advanced functions extend beyond basic polynomial and rational functions to include exponential, logarithmic, and trigonometric functions with complex behaviors and applications. Transformations of functions involve systematic changes including horizontal and vertical shifts, reflections across axes, and stretches or compressions that modify the parent function's graph predictably. Composition of functions creates new functions by applying one function to the output of another, expressed as (f ∘ g)(x) = f(g(x)).","Advanced functions go beyond basic polynomials to include exponential, logarithmic, and trigonometric functions. Key concepts: • Transformations: shifts, reflections, stretches that change graphs predictably • Composition: combining functions where (f ∘ g)(x) = f(g(x)) • Applications: modeling real-world situations like growth and decay These functions help solve complex problems in science and engineering.",17.1,9.4,72,54,"Organized function concepts clearly and mentioned real-world applications.",18
11,Mathematics,Analytic Geometry,"Analytic geometry combines algebraic methods with geometric concepts to study curves, lines, and shapes using coordinate systems. The distance formula d = √[(x₂-x₁)² + (y₂-y₁)²] calculates distances between points, while the midpoint formula finds centers of line segments. Equations of lines, circles, and conic sections can be manipulated algebraically to determine geometric properties including slopes, intercepts, centers, and radii.","Analytic geometry uses algebra to study shapes on coordinate grids. Key formulas: • Distance: d = √[(x₂-x₁)² + (y₂-y₁)²] • Midpoint: finds the center point of line segments • Line equations: determine slopes and intercepts • Circle and conic equations: find centers, radii, and other properties This connects algebra and geometry to solve spatial problems.",16.8,9.2,67,51,"Organized geometric formulas clearly and explained the algebra-geometry connection.",16
11,Mathematics,Mathematical Modeling,"Mathematical modeling involves translating real-world problems into mathematical language and using mathematical tools to analyze situations and make predictions. The modeling process includes identifying variables, making simplifying assumptions, creating equations or functions that represent relationships, solving the mathematical problem, and interpreting results within the original context. Models range from simple linear relationships to complex systems requiring advanced mathematical techniques.","Mathematical modeling turns real problems into math language to find solutions. The process: • Identify important variables • Make reasonable assumptions to simplify • Create equations that show relationships • Solve the math problem • Interpret results in the real-world context Models can be simple (linear) or complex (systems). They help predict outcomes and make decisions.",16.9,9.1,73,56,"Organized modeling process clearly and explained its practical value.",17
11,Science,Molecular Biology,"Molecular biology investigates biological processes at the molecular level, focusing on the structure and function of macromolecules that govern cellular activities. DNA replication, transcription, and translation represent the central dogma of molecular biology, describing how genetic information flows from DNA to RNA to proteins. Gene expression regulation determines when and how genes are activated, involving complex mechanisms including promoters, enhancers, and transcription factors that control protein synthesis.","Molecular biology studies how cells work at the molecular level. The central dogma explains information flow: • DNA replication: copying genetic information • Transcription: making RNA from DNA • Translation: making proteins from RNA Gene expression control determines which genes are active when, using: • Promoters: DNA sequences that start transcription • Enhancers: sequences that increase gene activity • Transcription factors: proteins that help control genes",17.6,9.3,78,64,"Organized central dogma clearly and explained gene regulation components.",14
11,Science,Chemical Kinetics,"Chemical kinetics examines the rates of chemical reactions and the factors that influence reaction speed, including concentration, temperature, surface area, and the presence of catalysts. Reaction rate laws express mathematical relationships between reactant concentrations and reaction rates, typically following the form rate = k[A]^m[B]^n where k represents the rate constant and m and n indicate reaction orders. Activation energy represents the minimum energy required for reactions to occur.","Chemical kinetics studies how fast chemical reactions happen and what affects their speed. Factors that change reaction rates: • Concentration: more reactants usually mean faster reactions • Temperature: higher temperature speeds up reactions • Surface area: smaller particles react faster • Catalysts: substances that speed up reactions without being used up Rate laws show math relationships: rate = k[A]^m[B]^n",17.3,9.4,74,58,"Organized rate factors clearly and simplified the rate law equation.",16
11,Science,Physics of Waves,"Wave physics encompasses the study of energy transfer through oscillatory motion without the transport of matter. Waves exhibit characteristic properties including wavelength (distance between corresponding points), frequency (oscillations per unit time), amplitude (maximum displacement), and speed (distance traveled per unit time). The wave equation v = fλ relates wave speed to frequency and wavelength, while interference patterns result from the superposition of multiple waves.","Wave physics studies how energy moves through oscillating motion without moving matter. Key wave properties: • Wavelength: distance between wave peaks • Frequency: how many waves pass per second • Amplitude: height of the wave (energy amount) • Speed: how fast the wave travels The wave equation v = fλ connects speed, frequency, and wavelength. Waves can interfere with each other to create new patterns.",17.0,9.2,72,59,"Organized wave properties clearly and explained the fundamental equation.",13
11,English,World Literature,"World literature encompasses literary works from diverse global cultures and traditions, offering insights into universal human experiences while highlighting cultural specificities and historical contexts. Comparative analysis of texts from different continents reveals common themes such as love, loss, identity, and social justice while demonstrating how cultural values, religious beliefs, and historical circumstances shape narrative techniques and thematic emphases across different literary traditions.","World literature includes works from many cultures and countries. It shows both universal human experiences and unique cultural perspectives. Common themes across cultures: • Love and relationships • Identity and belonging • Social justice and inequality • Loss and grief Comparing literature from different places helps us understand how culture, religion, and history influence how stories are told and what they emphasize.",16.8,9.4,71,56,"Organized global themes clearly and explained comparative value.",15
11,English,Media Literacy,"Media literacy involves the ability to access, analyze, evaluate, and create media content across various platforms and formats. Critical media analysis requires examining how messages are constructed, identifying target audiences, recognizing bias and propaganda techniques, and understanding how technical elements such as camera angles, editing, and sound influence viewer perception. Digital literacy extends these skills to online environments, emphasizing source credibility and information verification.","Media literacy means understanding and evaluating media messages across different platforms. Key skills: • Analyze how messages are created and who they target • Recognize bias and propaganda techniques • Understand how camera work, editing, and sound affect viewers • Check source credibility, especially online • Create media content thoughtfully These skills help us be smart consumers and creators of media in our digital world.",16.7,9.3,69,54,"Organized media skills clearly and emphasized digital applications.",15
11,English,Advanced Composition,"Advanced composition requires sophisticated integration of research, analysis, and argumentation in extended written works. Effective academic writing demonstrates mastery of rhetorical strategies, seamless incorporation of source material through quotation, paraphrase, and summary, and adherence to disciplinary conventions including proper citation formats and scholarly tone. Revision processes focus on organizational coherence, argumentative strength, and stylistic refinement to produce polished, professional-quality documents.","Advanced composition combines research, analysis, and argument in longer papers. Key elements: • Rhetorical strategies: using ethos, pathos, logos effectively • Source integration: quoting, paraphrasing, and summarizing smoothly • Academic conventions: proper citations and scholarly tone • Organization: clear structure that supports your argument • Revision: improving logic, organization, and style Strong academic writing demonstrates deep thinking and clear communication.",17.2,9.5,74,57,"Organized composition elements clearly and emphasized revision importance.",17
12,Mathematics,Advanced Calculus,"Advanced calculus extends differential and integral calculus concepts to multivariable functions and vector fields. Partial derivatives measure rates of change with respect to one variable while holding others constant, enabling analysis of functions with multiple inputs. Multiple integration techniques allow calculation of volumes, surface areas, and other quantities in three-dimensional space, while vector calculus introduces concepts including gradient, divergence, and curl operations.","Advanced calculus works with functions that have multiple variables and vector fields. Key concepts: • Partial derivatives: rate of change with respect to one variable at a time • Multiple integration: finding volumes and areas in 3D space • Vector calculus: gradient (steepness), divergence (spreading), curl (rotation) • Applications: physics, engineering, economics These tools help analyze complex systems with many changing variables.",18.1,9.4,74,59,"Simplified multivariable concepts and mentioned practical applications.",15
12,Mathematics,Discrete Mathematics,"Discrete mathematics studies mathematical structures that are fundamentally discrete rather than continuous, including combinatorics, graph theory, and mathematical logic. Combinatorial analysis involves counting techniques for permutations and combinations, while graph theory examines networks of vertices connected by edges. Mathematical induction provides a proof technique for statements involving natural numbers, and Boolean algebra forms the foundation for computer science applications.","Discrete mathematics studies separate, countable structures rather than continuous ones. Main areas: • Combinatorics: counting permutations and combinations • Graph theory: networks of connected points • Mathematical induction: proving statements about whole numbers • Boolean algebra: logic operations used in computer science These concepts are essential for computer science, cryptography, and optimization problems.",17.7,9.3,69,54,"Organized discrete areas clearly and mentioned computer science applications.",15
12,Mathematics,Mathematical Proofs,"Mathematical proofs provide rigorous logical arguments that establish the truth of mathematical statements through systematic reasoning. Common proof techniques include direct proof, which assumes hypotheses and logically derives conclusions, proof by contradiction, which assumes the negation of the desired conclusion and derives a logical contradiction, and mathematical induction, which proves statements for all natural numbers through base cases and inductive steps.","Mathematical proofs use logical reasoning to show that statements are definitely true. Main proof methods: • Direct proof: assume what we know is true and logically show the conclusion • Proof by contradiction: assume the opposite and show it leads to an impossible result • Mathematical induction: prove for first case, then show if true for n, it's true for n+1 Proofs require clear logic and careful reasoning at every step.",17.4,9.2,75,62,"Organized proof types clearly and emphasized logical reasoning requirement.",13
12,Science,Advanced Chemistry,"Advanced chemistry explores complex molecular interactions, reaction mechanisms, and thermodynamic principles governing chemical processes. Organic reaction mechanisms detail step-by-step pathways showing how bonds break and form during chemical transformations, often involving intermediates such as carbocations, carbanions, and free radicals. Physical chemistry applies mathematical models to understand molecular behavior, including quantum mechanical descriptions of atomic and molecular structure.","Advanced chemistry studies complex molecular interactions and how reactions happen step-by-step. Key areas: • Reaction mechanisms: detailed pathways showing how bonds break and form • Intermediates: temporary species like carbocations and free radicals • Physical chemistry: using math to understand molecular behavior • Quantum chemistry: describing atoms and molecules using quantum mechanics These concepts help predict and control chemical reactions.",18.0,9.5,71,54,"Simplified complex chemistry concepts and organized key areas clearly.",17
12,Science,Biotechnology,"Biotechnology harnesses biological systems, organisms, or derivatives to develop products and technologies that improve human life and environmental sustainability. Genetic engineering techniques including CRISPR-Cas9 enable precise modification of DNA sequences, while recombinant DNA technology allows production of therapeutic proteins in bacterial or mammalian cell cultures. Applications span medicine, agriculture, environmental remediation, and industrial processes.","Biotechnology uses living systems to develop products that help humans and the environment. Key techniques: • Genetic engineering: precisely editing DNA using tools like CRISPR • Recombinant DNA: making useful proteins in bacteria or cell cultures • Applications: medicine (new drugs), agriculture (better crops), environment (cleanup) • Industrial processes: making materials using biological systems This field combines biology with technology to solve real-world problems.",17.8,9.4,73,58,"Organized biotechnology applications clearly and simplified technical concepts.",15
12,Science,Astrophysics,"Astrophysics applies physical principles to understand celestial objects and phenomena throughout the universe, from stellar formation and evolution to galactic dynamics and cosmological models. Stellar nucleosynthesis explains how elements heavier than hydrogen and helium form in stellar cores through nuclear fusion processes. Black holes represent regions of spacetime where gravitational effects become so strong that nothing, including light, can escape their event horizons.","Astrophysics uses physics to understand space objects and the universe. Key topics: • Stellar evolution: how stars form, live, and die • Nucleosynthesis: how stars create heavy elements through nuclear fusion • Black holes: regions where gravity is so strong that light cannot escape • Galactic dynamics: how galaxies move and interact • Cosmology: studying the origin and evolution of the universe This field helps us understand our place in the cosmos.",18.2,9.3,76,62,"Organized astrophysics topics clearly and emphasized cosmic perspective.",14
12,English,Digital Literature,"Digital literature represents an emerging form of creative expression that utilizes computational technologies, hypertext structures, and multimedia elements to create interactive reading experiences. These works often incorporate non-linear narratives, reader choice mechanisms, and dynamic content that changes based on user interaction. Digital poetry may include animated text, sound elements, and responsive design that challenges traditional concepts of authorship and fixed textual meaning.","Digital literature uses technology to create new kinds of reading experiences. Key features: • Interactive elements: readers can make choices that change the story • Multimedia: combines text, images, sound, and animation • Non-linear structure: multiple paths through the content • Dynamic content: text that changes based on reader actions This new form challenges traditional ideas about books and reading.",16.8,9.2,69,54,"Organized digital features clearly and explained how it challenges traditional forms.",15
10,Mathematics,Coordinate Geometry,"Coordinate geometry, also known as analytical geometry, combines algebraic methods with geometric principles to study shapes and their properties using coordinate systems. Points are represented by ordered pairs (x, y) in the Cartesian plane, while lines can be described using slope-intercept form y = mx + b or point-slope form y - y₁ = m(x - x₁). Distance and midpoint formulas enable precise calculations of spatial relationships between geometric elements.","Coordinate geometry uses algebra to study shapes on a grid system. Key concepts: • Points: represented as (x, y) coordinates • Lines: described using equations like y = mx + b • Slope: measures how steep a line is • Distance formula: finds exact distances between points • Midpoint formula: finds the center point between two points This connects algebra and geometry to solve problems accurately.",15.9,8.9,71,55,"Simplified coordinate concepts and emphasized the algebra-geometry connection.",16
10,Mathematics,Functions and Relations,"Functions represent special relationships between input and output values where each input corresponds to exactly one output. Relations encompass broader connections between sets of values that may not follow the one-to-one correspondence requirement of functions. The vertical line test determines whether a graph represents a function by checking if any vertical line intersects the graph at more than one point, while domain and range identify the set of possible input and output values respectively.","Functions are special relationships where each input has exactly one output. Key ideas: • Domain: all possible input values • Range: all possible output values • Vertical line test: if a vertical line hits a graph more than once, it's not a function • Relations: broader connections that don't need the one-output rule Functions help us model real-world situations where one thing depends on another.",15.6,9.0,78,59,"Simplified function concepts and explained the vertical line test clearly.",19
10,Mathematics,Basic Statistics,"Statistics involves collecting, organizing, analyzing, and interpreting numerical data to make informed decisions and draw conclusions about populations or phenomena. Descriptive statistics summarize data characteristics through measures including mean (arithmetic average), median (middle value when ordered), mode (most frequently occurring value), range (difference between maximum and minimum), and standard deviation (measure of data spread around the mean).","Statistics helps us understand data to make good decisions. Key measures: • Mean: the average of all values • Median: the middle value when numbers are in order • Mode: the value that appears most often • Range: difference between highest and lowest values • Standard deviation: shows how spread out the data is These tools help us summarize and understand large amounts of information.",15.4,8.8,74,57,"Organized statistical measures clearly and explained their practical value.",17
10,Science,Cell Biology,"Cell biology examines the fundamental units of life, focusing on cellular structure, function, and processes that maintain living organisms. Prokaryotic cells lack membrane-bound organelles and include bacteria and archaea, while eukaryotic cells contain specialized organelles including the nucleus, mitochondria, endoplasmic reticulum, and Golgi apparatus. Cell division through mitosis produces identical diploid cells for growth and repair, while meiosis generates genetically diverse gametes for sexual reproduction.","Cell biology studies the basic units of all living things. Two main cell types: • Prokaryotic: simple cells without internal compartments (bacteria) • Eukaryotic: complex cells with organelles like nucleus, mitochondria Cell division: • Mitosis: makes identical cells for growth and repair • Meiosis: makes sex cells (sperm, eggs) with half the genetic material Understanding cells helps us understand how all life works.",16.1,9.1,81,61,"Organized cell types clearly and simplified division processes.",20
10,Science,Energy and Work,"Energy represents the capacity to do work or cause change, existing in various forms including kinetic energy (energy of motion), potential energy (stored energy due to position), thermal energy (heat), and chemical energy (stored in molecular bonds). Work occurs when a force acts on an object to cause displacement, calculated using the formula W = F × d × cos(θ) where θ represents the angle between force and displacement vectors. The law of conservation of energy states that energy cannot be created or destroyed, only transformed from one form to another.","Energy is the ability to do work or cause change. Main types: • Kinetic energy: energy of moving objects • Potential energy: stored energy (like a ball on a hill) • Thermal energy: heat energy • Chemical energy: stored in bonds between atoms Work happens when a force moves an object: W = F × d × cos(θ). Energy cannot be created or destroyed, only changed from one form to another.",16.7,9.0,89,67,"Organized energy types clearly and simplified the work formula.",22
10,Science,Earth's Systems,"Earth's systems encompass four interconnected spheres that interact continuously to shape our planet's environment: the atmosphere (air), hydrosphere (water), geosphere (rock and soil), and biosphere (living organisms). The water cycle demonstrates system interactions as water evaporates from oceans, condenses in the atmosphere, precipitates as rain or snow, and flows through surface and groundwater systems. Weather patterns result from atmospheric circulation driven by solar energy and Earth's rotation.","Earth has four connected systems that work together: • Atmosphere: the air around Earth • Hydrosphere: all water on Earth (oceans, rivers, lakes) • Geosphere: rocks, soil, and Earth's interior • Biosphere: all living things These systems interact constantly. For example, the water cycle moves water between oceans, air, and land. Weather patterns come from air movement driven by sun energy and Earth's spinning.",16.5,9.2,84,65,"Organized Earth systems clearly and provided concrete examples of interactions.",19
10,English,Sentence Structure,"Sentence structure involves the arrangement of words, phrases, and clauses to create clear and effective communication. Simple sentences contain one independent clause with a subject and predicate, while compound sentences combine two or more independent clauses using coordinating conjunctions or semicolons. Complex sentences include one independent clause and at least one dependent clause, and compound-complex sentences feature multiple independent clauses with one or more dependent clauses.","Sentence structure is how we arrange words to communicate clearly. Four main types: • Simple: one complete thought (subject + verb) • Compound: two complete thoughts joined by 'and,' 'but,' or 'or' • Complex: one main idea plus a dependent part that can't stand alone • Compound-complex: multiple main ideas plus dependent parts Understanding these patterns helps you write clearly and vary your sentences.",15.8,8.9,75,57,"Organized sentence types clearly and explained their practical value.",18
10,English,Reading Strategies,"Effective reading strategies enhance comprehension and retention of written material across various text types and purposes. Pre-reading activities including previewing headings, examining graphics, and activating prior knowledge prepare readers for content engagement. Active reading techniques such as annotation, questioning, summarizing, and making connections between ideas facilitate deeper understanding, while post-reading reflection and discussion consolidate learning and promote critical analysis.","Good reading strategies help you understand and remember what you read. Three stages: • Before reading: preview headings, look at pictures, think about what you know • During reading: take notes, ask questions, summarize main ideas, make connections • After reading: reflect on what you learned, discuss with others These strategies work for any type of reading and help you become a better learner.",16.2,9.1,74,58,"Organized reading process clearly and emphasized universal application.",16
10,English,Vocabulary Development,"Vocabulary development encompasses systematic approaches to expanding word knowledge and improving communication skills through various learning strategies. Context clues within surrounding text provide hints about unfamiliar word meanings, while morphological analysis examines word parts including prefixes, roots, and suffixes to deduce meanings. Wide reading exposure, explicit instruction, and regular practice with new vocabulary in speaking and writing contexts promote long-term retention and accurate usage.","Building vocabulary improves communication skills through several strategies: • Context clues: using surrounding words to figure out meanings • Word parts: understanding prefixes, roots, and suffixes • Wide reading: encountering new words in different contexts • Practice: using new words in speaking and writing • Explicit learning: studying word definitions and examples Strong vocabulary helps with reading comprehension and clear expression.",16.4,9.3,70,53,"Organized vocabulary strategies clearly and explained their benefits.",17
11,Mathematics,Exponential and Logarithmic Models,"Exponential and logarithmic functions model real-world phenomena involving growth and decay processes, including population dynamics, radioactive decay, and compound interest calculations. Exponential growth follows the pattern f(t) = a(1 + r)^t where a represents initial value, r indicates growth rate, and t denotes time. Logarithmic functions serve as inverses of exponential functions and help solve equations where the variable appears in the exponent position.","Exponential and logarithmic functions model growth and decay in real situations. Key applications: • Population growth: f(t) = a(1 + r)^t • Radioactive decay: substances breaking down over time • Compound interest: money growing in investments • pH levels: measuring acidity Logarithms help solve problems where the unknown is in the exponent. These functions appear throughout science and finance.",16.9,9.2,73,57,"Organized applications clearly and explained the relationship between exponentials and logs.",16
11,Mathematics,Parametric Equations,"Parametric equations represent curves by expressing x and y coordinates as separate functions of a third variable called a parameter, typically denoted as t. This approach allows representation of curves that fail the vertical line test and cannot be expressed as single-valued functions of x. Parametric equations prove particularly useful for modeling motion paths, where t often represents time, enabling analysis of both position and velocity components simultaneously.","Parametric equations describe curves using a third variable (parameter) usually called t. Instead of y = f(x), we have: • x = f(t) • y = g(t) Benefits: • Can represent curves that aren't functions • Good for modeling motion where t = time • Shows both position and velocity • Useful for complex curves like circles and loops This method gives more flexibility for describing mathematical relationships.",16.7,9.1,76,58,"Simplified parametric concepts and organized benefits clearly.",18
11,Mathematics,Optimization Problems,"Optimization problems involve finding maximum or minimum values of functions subject to given constraints, representing real-world scenarios where resources must be allocated efficiently. The process typically requires establishing objective functions that express the quantity to be optimized, identifying constraint equations or inequalities that limit possible solutions, and using calculus techniques including derivative analysis to locate critical points where optimization occurs.","Optimization finds the best solution when resources are limited. Common examples: • Maximizing profit with limited materials • Minimizing cost while meeting requirements • Finding shortest distances or travel times Process: • Write an equation for what you want to optimize • Identify constraints (limits on your solution) • Use calculus to find maximum or minimum values These problems appear in business, engineering, and everyday decision-making.",17.1,9.4,68,56,"Provided concrete examples and simplified the optimization process.",12
11,Mathematics,Sequences and Mathematical Induction,"Mathematical sequences represent ordered lists of numbers following specific patterns, while mathematical induction provides a proof technique for statements involving natural numbers. Arithmetic sequences exhibit constant differences between consecutive terms, geometric sequences maintain constant ratios, and recursive sequences define terms based on previous values. Mathematical induction requires proving a base case and demonstrating that if a statement holds for n, it also holds for n+1.","Sequences are ordered number lists that follow patterns. Three main types: • Arithmetic: same difference between terms (2, 5, 8, 11...) • Geometric: same ratio between terms (3, 6, 12, 24...) • Recursive: each term depends on previous terms Mathematical induction proves statements about all natural numbers by: • Proving it works for the first case • Showing if it works for n, it works for n+1",16.8,9.3,74,62,"Organized sequence types with examples and simplified induction steps.",12
11,Science,Waves and Sound,"Wave phenomena encompass the transfer of energy through oscillating disturbances in matter or electromagnetic fields, with sound waves representing mechanical vibrations traveling through media such as air, water, or solids. Wave characteristics include frequency (oscillations per second measured in hertz), wavelength (distance between corresponding points), amplitude (maximum displacement indicating energy), and wave speed determined by the relationship v = fλ. Sound intensity and pitch relate to amplitude and frequency respectively.","Waves transfer energy through oscillating motion. Sound waves are mechanical vibrations that travel through materials. Key wave properties: • Frequency: how many waves per second (measured in hertz) • Wavelength: distance between wave peaks • Amplitude: wave height (determines loudness for sound) • Speed: calculated using v = fλ For sound: amplitude affects loudness, frequency affects pitch (high/low sounds).",17.2,9.1,76,58,"Organized wave properties clearly and connected them to sound characteristics.",18
11,Science,Organic Chemistry Basics,"Organic chemistry focuses on carbon-containing compounds and their unique properties resulting from carbon's ability to form four covalent bonds and create diverse molecular structures. Hydrocarbons represent the simplest organic compounds, including alkanes with single bonds, alkenes with double bonds, and alkynes with triple bonds. Functional groups such as alcohols, aldehydes, ketones, and carboxylic acids determine chemical properties and reactivity patterns of organic molecules.","Organic chemistry studies carbon compounds. Carbon's special ability to form four bonds creates diverse molecules. Main hydrocarbon types: • Alkanes: only single bonds (like methane) • Alkenes: contain double bonds (like ethylene) • Alkynes: contain triple bonds Functional groups determine properties: • Alcohols (-OH): like in ethanol • Aldehydes and ketones (C=O): different arrangements • Carboxylic acids (-COOH): like in vinegar These groups give molecules their specific behaviors.",17.4,9.2,78,62,"Organized hydrocarbon types and functional groups with familiar examples.",16
11,Science,Genetics and DNA,"Genetics studies heredity and variation in living organisms through the molecular mechanisms of DNA, which stores genetic information in sequences of four nucleotide bases: adenine, thymine, guanine, and cytosine. Gene expression involves transcription of DNA into messenger RNA and translation of mRNA into proteins through ribosomal machinery. Mutations represent changes in DNA sequences that can affect protein function and contribute to genetic diversity or disease.","Genetics studies how traits pass from parents to offspring through DNA. DNA basics: • Made of four bases: A, T, G, C • Genes are DNA sections that code for proteins • DNA → RNA → proteins (gene expression) Mutations are changes in DNA that can: • Create genetic diversity • Sometimes cause disease • Drive evolution The genetic code is universal across almost all living things.",17.0,9.0,74,57,"Simplified genetic concepts and organized key processes clearly.",17
11,English,Persuasive Writing Techniques,"Persuasive writing employs various rhetorical strategies to convince readers to accept particular viewpoints or take specific actions. Effective persuasion combines logical appeals through evidence and reasoning (logos), emotional appeals that connect with audience values and feelings (pathos), and credibility appeals that establish author expertise and trustworthiness (ethos). Additional techniques include anticipating counterarguments, using vivid examples and anecdotes, and employing strategic repetition for emphasis.","Persuasive writing convinces readers using different strategies. Three main appeals: • Logos: logical reasoning and evidence • Pathos: emotional connections and values • Ethos: showing you're credible and trustworthy Other techniques: • Address counterarguments: show you understand other views • Use vivid examples: make abstract ideas concrete • Strategic repetition: emphasize key points Strong persuasion combines multiple strategies effectively.",16.5,9.3,70,54,"Organized persuasive appeals clearly and added practical techniques.",16
11,English,Research Skills,"Research skills encompass systematic methods for locating, evaluating, and synthesizing information from diverse sources to support academic and professional projects. Effective research begins with defining clear research questions and identifying appropriate primary and secondary sources. Critical evaluation involves assessing source credibility, currency, relevance, and potential bias, while proper documentation through citations maintains academic integrity and enables reader verification of claims.","Research skills help you find and use information effectively for projects. Key steps: • Define clear questions: know what you're looking for • Find good sources: use primary (original) and secondary sources • Evaluate sources: check if they're credible, current, and relevant • Avoid bias: look for balanced perspectives • Cite properly: give credit to avoid plagiarism Good research supports strong arguments with reliable evidence.",16.8,9.1,72,55,"Organized research process clearly and emphasized evaluation importance.",17
11,English,Literary Devices and Techniques,"Literary devices represent tools authors use to enhance meaning, create emphasis, and engage readers through language manipulation and structural choices. Figurative language includes metaphors (direct comparisons), similes (comparisons using 'like' or 'as'), personification (giving human qualities to non-human things), and symbolism (objects representing abstract ideas). Sound devices such as alliteration, assonance, and rhyme create musical effects, while structural techniques including foreshadowing and irony develop plot complexity.","Literary devices help authors create meaning and engage readers. Figurative language: • Metaphors: direct comparisons ('Life is a journey') • Similes: comparisons using 'like' or 'as' • Personification: giving human traits to things • Symbolism: objects representing ideas Sound devices: alliteration, rhyme, rhythm Structural techniques: foreshadowing, irony, flashbacks These tools make writing more interesting and meaningful.",16.9,9.4,76,56,"Organized device types clearly with concrete examples.",20
12,Mathematics,Multivariable Calculus,"Multivariable calculus extends single-variable concepts to functions of several variables, enabling analysis of complex systems in physics, engineering, and economics. Partial derivatives measure rates of change with respect to one variable while holding others constant, expressed as ∂f/∂x for the partial derivative of f with respect to x. Multiple integrals calculate volumes, surface areas, and other quantities in three-dimensional space through iterated integration processes.","Multivariable calculus works with functions that have several input variables. Key concepts: • Partial derivatives: rate of change with respect to one variable (∂f/∂x) • Multiple integrals: finding volumes and areas in 3D space • Gradient: shows direction of steepest increase • Applications: physics (heat flow), engineering (optimization), economics These tools analyze complex systems with many changing factors.",17.9,9.4,70,55,"Simplified multivariable concepts and mentioned practical applications.",15
12,Mathematics,Linear Algebra,"Linear algebra studies vector spaces, linear transformations, and systems of linear equations through matrix operations and geometric interpretations. Matrices represent linear transformations and system coefficients, with operations including addition, multiplication, and determination of inverse matrices when they exist. Eigenvalues and eigenvectors provide insights into transformation behavior, while vector spaces encompass collections of vectors that satisfy closure properties under addition and scalar multiplication.","Linear algebra studies vectors, matrices, and linear transformations. Key ideas: • Vectors: quantities with direction and magnitude • Matrices: rectangular arrays of numbers that represent transformations • Matrix operations: addition, multiplication, finding inverses • Eigenvalues/eigenvectors: special vectors that don't change direction under transformation Applications: computer graphics, data analysis, engineering, physics.",17.6,9.2,73,57,"Simplified linear algebra concepts and mentioned key applications.",16
12,Mathematics,Complex Numbers,"Complex numbers extend the real number system by introducing the imaginary unit i, defined as √(-1), enabling solutions to equations that have no real solutions. Complex numbers take the form a + bi where a represents the real part and b represents the imaginary part. Operations include addition, subtraction, multiplication, and division following algebraic rules, while geometric representation on the complex plane provides visual interpretation of complex number relationships and operations.","Complex numbers include an imaginary part using i = √(-1). They have the form a + bi where: • a = real part • b = imaginary part (coefficient of i) Operations: • Add/subtract: combine like terms • Multiply: use algebraic rules • Divide: multiply by conjugate Geometric view: plot on complex plane with real and imaginary axes. These numbers solve equations that have no real solutions.",16.8,9.1,78,58,"Simplified complex number concepts and organized operations clearly.",20
12,Science,Advanced Physics Concepts,"Advanced physics explores fundamental principles governing matter, energy, and their interactions at microscopic and macroscopic scales. Quantum mechanics describes particle behavior at atomic scales where classical physics fails, introducing concepts such as wave-particle duality, uncertainty principle, and quantized energy levels. Relativity theory encompasses special relativity addressing high-speed motion and general relativity explaining gravitational effects through spacetime curvature.","Advanced physics studies matter and energy at extreme scales. Two major theories: • Quantum mechanics: behavior of very small particles - Wave-particle duality: particles act like waves and particles - Uncertainty principle: cannot know position and momentum exactly - Quantized energy: energy comes in specific amounts • Relativity: motion at high speeds and strong gravity - Special relativity: time and space change at high speeds - General relativity: gravity curves spacetime",18.3,9.5,76,63,"Organized major physics theories clearly and simplified key concepts.",13
12,Science,Molecular Genetics,"Molecular genetics investigates the structure and function of genes at the molecular level, focusing on DNA replication, transcription, translation, and gene regulation mechanisms. CRISPR-Cas9 technology enables precise genome editing through programmable nucleases that cut DNA at specific sequences, allowing researchers to modify genes for therapeutic and research purposes. Epigenetic modifications including DNA methylation and histone modifications influence gene expression without altering underlying DNA sequences.","Molecular genetics studies genes at the molecular level. Key processes: • DNA replication: copying genetic material • Transcription: making RNA from DNA • Translation: making proteins from RNA • Gene regulation: controlling which genes are active New technologies: • CRISPR: precise gene editing tool • Epigenetics: changes in gene activity without changing DNA sequence These advances help treat diseases and understand how genes work.",17.7,9.3,75,58,"Organized genetic processes and mentioned cutting-edge technologies.",17
12,English,Digital Literature,"Digital literature represents an emerging form of creative expression that utilizes computational technologies, hypertext structures, and multimedia elements to create interactive reading experiences. These works often incorporate non-linear narratives, reader choice mechanisms, and dynamic content that changes based on user interaction. Digital poetry may include animated text, sound elements, and responsive design that challenges traditional concepts of authorship and fixed textual meaning.","Digital literature uses technology to create new kinds of reading experiences. Key features: • Interactive elements: readers can make choices that change the story • Multimedia: combines text, images, sound, and animation • Non-linear structure: multiple paths through the content • Dynamic content: text that changes based on reader actions This new form challenges traditional ideas about books and reading.",16.8,9.2,69,54,"Organized digital features clearly and explained how it challenges traditional forms.",15
10,Mathematics,Algebra Review,"Algebraic manipulation requires systematic application of mathematical properties including the distributive property, associative property, and commutative property to simplify expressions and solve equations. When combining like terms, coefficients of identical variable expressions are added while maintaining the variable portion unchanged. The order of operations, represented by the acronym PEMDAS, dictates the sequence for evaluating complex algebraic expressions.","Algebra uses math rules to work with expressions and equations. Key properties: • Distributive: a(b + c) = ab + ac • Associative: changing grouping doesn't change the result • Commutative: changing order doesn't change the result When combining like terms, add the numbers but keep the variables the same. Use PEMDAS for order of operations.",16.2,9.1,78,59,"Organized properties clearly and simplified technical language.",19
10,Mathematics,Rational Expressions,"Rational expressions represent fractions containing polynomial numerators and denominators, requiring careful attention to domain restrictions where denominators equal zero. Simplification involves factoring both numerator and denominator completely, then canceling common factors while noting any values that make the original denominator zero remain excluded from the domain. Operations with rational expressions follow the same principles as arithmetic fractions.","Rational expressions are fractions with polynomials on top and bottom. Important steps: • Find domain: exclude values that make the bottom zero • Factor completely: break down numerator and denominator • Cancel common factors: simplify the fraction • Keep domain restrictions: excluded values still apply Operations work like regular fractions: find common denominators for adding and subtracting.",17.1,9.3,75,62,"Organized steps clearly and connected to familiar fraction operations.",13
10,Mathematics,Radical Equations,"Radical equations contain variables within radical expressions and require specific solution strategies to eliminate radicals while maintaining equation equivalence. The general approach involves isolating the radical term on one side of the equation, then raising both sides to the appropriate power to eliminate the radical. However, this process may introduce extraneous solutions that satisfy the transformed equation but not the original, necessitating verification of all potential solutions.","Radical equations have variables inside square roots or other radicals. Solution steps: • Isolate the radical: get it alone on one side • Square both sides: eliminates the square root • Solve the resulting equation • Check all answers: some may not work in the original equation Always verify solutions because squaring can create false answers.",16.5,9.0,74,57,"Organized solution steps clearly and emphasized verification importance.",17
10,Mathematics,Systems Applications,"Systems of equations model real-world situations where multiple constraints must be satisfied simultaneously, such as mixture problems, distance-rate-time scenarios, and optimization challenges. Setting up systems requires careful identification of variables, translation of word problems into mathematical equations, and selection of appropriate solution methods including substitution, elimination, or graphical approaches based on the system's characteristics and complexity.","Systems of equations solve real problems with multiple conditions. Common types: • Mixture problems: combining substances with different concentrations • Distance problems: objects moving at different speeds • Age problems: relationships between people's ages • Money problems: coins, tickets, or investments Steps: identify variables, write equations, solve the system, check answers in the original problem.",16.8,9.2,69,62,"Organized problem types clearly and outlined solution process.",7
10,Mathematics,Function Transformations,"Function transformations involve systematic modifications to parent functions that produce predictable changes in their graphs, including vertical and horizontal translations, reflections across axes, and vertical or horizontal stretches and compressions. The general form f(x) = a·g(b(x - h)) + k encodes these transformations, where h and k represent horizontal and vertical shifts, a controls vertical stretching and reflection, and b affects horizontal stretching and reflection.","Function transformations change graphs in predictable ways. The form f(x) = a·g(b(x - h)) + k shows: • h: horizontal shift (left/right) • k: vertical shift (up/down) • a: vertical stretch/compression and reflection • b: horizontal stretch/compression and reflection These changes help us graph new functions from basic parent functions like y = x² or y = |x|.",16.9,9.1,76,59,"Organized transformation parameters clearly and connected to parent functions.",17
10,Science,Chemical Formulas,"Chemical formulas provide symbolic representations of molecular composition, indicating the types and quantities of atoms present in compounds. Empirical formulas show the simplest whole-number ratio of elements, while molecular formulas reveal actual numbers of atoms in molecules. Ionic compounds are represented by formula units showing the electrically neutral combination of cations and anions, with subscripts indicating the number of each ion type required for charge neutrality.","Chemical formulas show what atoms are in compounds and how many of each type. Three main types: • Empirical formulas: simplest ratio of elements • Molecular formulas: actual number of atoms in molecules • Ionic formulas: show positive and negative ions that balance charges Subscripts tell us how many atoms or ions are present.",16.8,9.2,82,57,"Organized formula types clearly and simplified charge balance concept.",25
10,Science,Balancing Equations,"Balancing chemical equations ensures conservation of mass by adjusting coefficients so that the number of atoms of each element remains equal on both reactant and product sides. The process begins with identifying the most complex molecule and systematically adjusting coefficients to balance each element individually. Polyatomic ions that appear unchanged on both sides can be balanced as units rather than individual atoms, simplifying the balancing process.","Balancing chemical equations makes sure atoms are conserved (same number on both sides). Steps: • Start with the most complex molecule • Balance each element one at a time • Use coefficients (numbers in front) to balance • Treat polyatomic ions as units if they don't change • Check that all elements are balanced Remember: you can only change coefficients, not subscripts.",16.7,9.0,73,60,"Organized balancing steps clearly and emphasized key rules.",13
10,Science,Stoichiometry,"Stoichiometry involves quantitative relationships between reactants and products in chemical reactions, using balanced equations as conversion factors to calculate masses, moles, or volumes of substances involved. Mole ratios derived from balanced equations enable proportional calculations, while molar mass serves as a bridge between microscopic particle counts and macroscopic mass measurements. Limiting reactant identification determines theoretical yield calculations in reactions with multiple reactants.","Stoichiometry calculates amounts of substances in chemical reactions using balanced equations. Key concepts: • Mole ratios: from balanced equations (like a recipe) • Molar mass: converts between grams and moles • Limiting reactant: the ingredient that runs out first • Theoretical yield: maximum product possible Steps: balance equation → convert to moles → use mole ratios → convert back to desired units.",17.2,9.3,76,63,"Organized stoichiometry concepts clearly and used cooking analogy.",13
10,Science,Gas Laws,"Gas laws describe mathematical relationships between pressure, volume, temperature, and amount of gas under various conditions, assuming ideal gas behavior. Boyle's law states that pressure and volume are inversely related at constant temperature, while Charles's law demonstrates direct proportionality between volume and temperature at constant pressure. Gay-Lussac's law relates pressure and temperature directly, and the combined gas law integrates these relationships for comprehensive gas behavior analysis.","Gas laws show how pressure, volume, and temperature relate for gases. Main laws: • Boyle's law: pressure and volume are opposite (P₁V₁ = P₂V₂) • Charles's law: volume and temperature increase together (V₁/T₁ = V₂/T₂) • Gay-Lussac's law: pressure and temperature increase together (P₁/T₁ = P₂/T₂) • Combined gas law: uses all three variables These laws help predict gas behavior when conditions change.",17.0,9.1,79,64,"Organized gas laws clearly with equations and practical applications.",15
10,English,Paragraph Structure,"Effective paragraph construction requires a clear topic sentence that introduces the main idea, followed by supporting sentences that develop and elaborate on the central concept through evidence, examples, or analysis. Transitional phrases provide coherent connections between ideas within and between paragraphs, while concluding sentences reinforce the main point and often provide smooth transitions to subsequent paragraphs.","Good paragraphs have a clear structure: • Topic sentence: states the main idea • Supporting sentences: give evidence, examples, or explanations • Transitions: connect ideas smoothly • Concluding sentence: wraps up the main point This structure helps readers follow your ideas easily.",15.9,8.9,65,43,"Organized paragraph elements clearly and explained their purpose.",22
10,English,Thesis Development,"Thesis development involves crafting focused, arguable statements that establish the central claim of an essay and provide direction for subsequent analysis and evidence presentation. Effective thesis statements avoid overly broad generalizations or statements of fact, instead presenting specific, debatable positions that can be supported through textual evidence, logical reasoning, or research findings. The thesis typically appears in the introduction and may be refined throughout the writing process.","Thesis development creates the main argument of your essay. Good thesis statements: • Make a specific, arguable claim • Avoid facts or overly broad statements • Can be supported with evidence • Give direction to your entire essay • Usually appear in the introduction The thesis is your essay's central idea that everything else supports.",16.1,9.0,69,53,"Organized thesis qualities clearly and explained its central role.",16
10,English,Evidence Integration,"Evidence integration involves seamlessly incorporating source material into academic writing through direct quotation, paraphrase, or summary while maintaining the writer's voice and argument coherence. Effective integration requires introducing sources with appropriate signal phrases, providing sufficient context for reader understanding, and following quotations or paraphrases with analysis that explains how the evidence supports the thesis or main argument.","Evidence integration smoothly adds source material to support your arguments. Three ways to use sources: • Direct quotes: exact words in quotation marks • Paraphrase: rewrite ideas in your own words • Summary: briefly state main points Always introduce sources, provide context, and explain how evidence supports your argument.",16.3,9.2,64,48,"Organized integration methods clearly and emphasized analysis importance.",16
10,English,MLA Citation,"MLA citation format provides standardized methods for documenting sources in academic writing, including both in-text citations and Works Cited page entries. In-text citations typically include the author's last name and page number in parentheses, while the Works Cited page provides complete bibliographic information arranged alphabetically by author. Proper citation acknowledges source contributions and enables readers to locate original materials for verification or further research.","MLA citation gives credit to sources and helps readers find them. Two parts: • In-text citations: (Author Page#) in your essay • Works Cited page: complete source information at the end Format varies by source type (book, website, article). Always include author, title, and publication information when available. This prevents plagiarism and shows your research.",15.8,8.8,70,52,"Organized MLA components clearly and explained their purpose.",18
11,Mathematics,Polynomial Inequalities,"Polynomial inequalities require determining intervals where polynomial expressions satisfy greater than, less than, or equality relationships. Solution methods involve finding zeros of the polynomial by factoring or using the quadratic formula, then testing intervals between zeros to determine where the inequality holds true. Sign analysis using number lines helps visualize solution sets, while consideration of multiplicity affects whether zeros are included in solutions.","Polynomial inequalities find where polynomials are positive, negative, or zero. Solution process: • Find zeros by factoring or quadratic formula • Mark zeros on a number line • Test points in each interval • Determine where inequality is satisfied • Write solution using interval notation Pay attention to whether zeros are included (≤, ≥) or not (<, >).",16.7,9.1,71,55,"Organized solution steps clearly and emphasized inclusion/exclusion of zeros.",16
11,Mathematics,Rational Inequalities,"Rational inequalities involve fractions with polynomial numerators and denominators, requiring careful analysis of both zeros and undefined points. The solution process includes finding zeros of the numerator (where the expression equals zero) and zeros of the denominator (where the expression is undefined), then testing intervals between these critical points. Undefined points are never included in solutions, regardless of the inequality symbol used.","Rational inequalities work with fractions containing polynomials. Key steps: • Find zeros of numerator: where expression equals zero • Find zeros of denominator: where expression is undefined • Mark all critical points on number line • Test intervals between critical points • Undefined points are NEVER included in answers Use interval notation to write solutions.",16.9,9.2,68,54,"Organized solution steps and emphasized undefined points exclusion.",14
11,Mathematics,Absolute Value Functions,"Absolute value functions produce V-shaped graphs with vertices at points where the expression inside the absolute value equals zero. The general form f(x) = a|x - h| + k creates transformations including horizontal shifts (h), vertical shifts (k), and vertical stretches or compressions with reflections (a). Solving absolute value equations requires considering both positive and negative cases, while absolute value inequalities involve analyzing intervals based on the critical point.","Absolute value functions create V-shaped graphs. The form f(x) = a|x - h| + k shows: • h: horizontal shift of vertex • k: vertical shift of vertex • a: stretch/compression and reflection (if negative) To solve |x - h| = k: • If k ≥ 0: two solutions x - h = k and x - h = -k • If k < 0: no solution For inequalities, consider intervals around the critical point.",16.4,9.0,76,61,"Organized transformations and solution methods clearly.",15
11,Mathematics,Piecewise Functions,"Piecewise functions consist of different expressions or rules applied to specific intervals of the domain, often representing real-world situations with changing conditions or rates. Graphing piecewise functions requires plotting each piece separately within its designated interval, paying careful attention to endpoint behavior including open or closed circles. Evaluating piecewise functions involves determining which piece applies based on the input value's interval.","Piecewise functions use different rules for different parts of the domain. Key features: • Different expressions for different x-intervals • Endpoints may be included (closed circle) or excluded (open circle) • Often model real situations with changing rates To evaluate: determine which interval your x-value falls in, then use that piece's rule.",15.7,8.9,68,51,"Simplified piecewise concepts and emphasized evaluation process.",17
11,Science,Organic Nomenclature,"Organic nomenclature follows systematic rules established by the International Union of Pure and Applied Chemistry (IUPAC) for naming carbon-containing compounds based on their structural features. The naming process involves identifying the longest carbon chain, numbering carbons to give substituents the lowest possible numbers, and applying appropriate prefixes, suffixes, and numerical locants. Functional groups receive priority in determining the principal chain and suffix, while other groups become substituents with appropriate prefixes.","Organic nomenclature names carbon compounds using IUPAC rules. Naming steps: • Find the longest carbon chain (parent name) • Number carbons to give substituents lowest numbers • Identify functional groups (determines suffix) • Name substituents with prefixes • Put parts together: substituents + parent + suffix Example: 2-methylbutane has a 4-carbon chain with a methyl group on carbon 2.",17.3,9.3,78,62,"Organized naming steps clearly and provided concrete example.",16
11,Science,Reaction Mechanisms,"Reaction mechanisms describe the step-by-step molecular processes by which chemical reactions occur, including the formation and consumption of intermediate species. Elementary steps involve molecular collisions and bond-breaking/forming events, while the rate-determining step controls overall reaction kinetics. Understanding mechanisms helps predict reaction products, explain stereochemistry outcomes, and design synthetic strategies for complex molecule preparation.","Reaction mechanisms show how chemical reactions happen step-by-step at the molecular level. Key concepts: • Elementary steps: individual molecular events • Intermediates: temporary species formed and consumed • Rate-determining step: slowest step that controls overall rate • Transition states: high-energy points between steps Understanding mechanisms helps predict products and design better reactions.",17.1,9.2,71,56,"Organized mechanism concepts clearly and explained their importance.",15
11,Science,Electrochemistry,"Electrochemistry studies chemical reactions involving electron transfer between species, encompassing both galvanic cells that generate electrical energy from spontaneous reactions and electrolytic cells that use electrical energy to drive non-spontaneous reactions. Standard electrode potentials quantify the tendency of half-reactions to occur, while the Nernst equation relates cell potential to concentration under non-standard conditions. Applications include batteries, fuel cells, and electroplating processes.","Electrochemistry studies reactions involving electron transfer. Two main types: • Galvanic cells: spontaneous reactions that produce electricity (batteries) • Electrolytic cells: use electricity to force non-spontaneous reactions Key concepts: • Standard electrode potentials: measure tendency to gain/lose electrons • Nernst equation: adjusts for non-standard conditions • Applications: batteries, fuel cells, electroplating",17.4,9.4,74,56,"Organized cell types clearly and mentioned practical applications.",18
11,English,Argumentative Structure,"Argumentative essays require logical organization that presents claims systematically, supports them with credible evidence, and addresses potential counterarguments to strengthen overall persuasiveness. The classical structure includes an engaging introduction with a clear thesis, body paragraphs that develop individual supporting points, acknowledgment and refutation of opposing viewpoints, and a conclusion that reinforces the central argument while considering broader implications.","Argumentative essays need clear organization to persuade readers effectively. Standard structure: • Introduction: hook readers and state your thesis • Body paragraphs: one main point per paragraph with evidence • Counterargument section: address opposing views and explain why yours is stronger • Conclusion: reinforce your argument and discuss broader significance Strong arguments use credible evidence and logical reasoning.",16.5,9.1,74,58,"Organized essay structure clearly and emphasized persuasive elements.",16
11,English,Counterargument,"Counterargument acknowledgment demonstrates intellectual honesty and strengthens argumentative writing by addressing opposing viewpoints before refuting them with superior evidence or reasoning. Effective counterargument sections fairly represent opposing positions without creating straw man fallacies, then systematically dismantle these positions through logical analysis, contradictory evidence, or demonstration of flawed assumptions underlying the opposition's claims.","Counterarguments address opposing views to strengthen your argument. Effective approach: • Fairly represent the opposing view (avoid straw man fallacies) • Acknowledge any valid points • Explain why your position is still stronger • Use evidence or logic to refute their claims This shows you understand the issue completely and makes your argument more convincing.",16.8,9.3,67,53,"Organized counterargument approach clearly and explained its persuasive value.",14
11,English,Rhetorical Appeals,"Rhetorical appeals represent the three fundamental persuasive strategies identified by Aristotle: ethos (credibility and character), pathos (emotional connection), and logos (logical reasoning and evidence). Effective persuasive communication strategically combines these appeals based on audience analysis, with ethos establishing trustworthiness, pathos creating emotional investment, and logos providing rational justification. The relative emphasis on each appeal depends on the rhetorical situation and intended audience.","Rhetorical appeals are three ways to persuade audiences (from Aristotle): • Ethos: show you're credible and trustworthy • Pathos: connect with emotions and values • Logos: use logical reasoning and evidence Effective persuasion combines all three based on your audience. For example, scientific writing emphasizes logos, while charity appeals use more pathos.",16.7,9.2,79,59,"Organized appeals clearly and provided audience-specific examples.",20
12,Mathematics,Limits at Infinity,"Limits at infinity examine function behavior as input values approach positive or negative infinity, often revealing horizontal asymptotes or unbounded growth patterns. Evaluation techniques include dividing polynomial expressions by the highest power term to identify dominant behavior, applying L'Hôpital's rule for indeterminate forms, and recognizing standard limit patterns such as exponential growth dominating polynomial growth. These concepts prove essential for understanding function end behavior and asymptotic analysis.","Limits at infinity show what happens to functions as x gets very large (positive or negative). Key techniques: • For polynomials: divide by highest power term • Horizontal asymptotes: y = leading coefficient ratio • Exponential beats polynomial: e^x grows faster than x^n • L'Hôpital's rule: for indeterminate forms like ∞/∞ These limits help understand long-term function behavior.",17.6,9.3,78,60,"Organized evaluation techniques clearly and explained practical significance.",18
12,Mathematics,Continuity and Discontinuity,"Continuity analysis determines where functions maintain unbroken behavior and identifies points of discontinuity that interrupt smooth function progression. A function is continuous at a point if the limit equals the function value at that point, requiring three conditions: the function is defined, the limit exists, and they are equal. Types of discontinuities include removable (holes), jump discontinuities (breaks), and infinite discontinuities (vertical asymptotes).","Continuity means a function has no breaks or jumps. For continuity at a point: • Function must be defined there • Limit must exist • Function value must equal the limit Types of discontinuities: • Removable: holes that can be 'filled' • Jump: function jumps to different value • Infinite: vertical asymptotes Understanding continuity helps analyze function behavior.",17.2,9.1,71,55,"Organized continuity conditions and discontinuity types clearly.",16